basque = {
	alternate_start = { NOT = { has_alternate_start_parameter = { key = special_culture value = animal_world } } }
	graphical_cultures = { occitangfx }

	basque = {
		graphical_cultures = { basquegfx italiangfx trueoccitangfx occitangfx }
		
		color = { 0.55 0.42 0.04 }

		male_names = {
			Agustin_Augustine Aingeru_Angel Aitor Alesander_Alexander Álex_Alexander Alfontso_Alphonse Alfredo_Alfred Alvar_Alvar Amets Ander_Andrew Andoni_Anthony Andrés_Andrew Antonio_Anthony Antso_Sancho Antton_Anthony Argi Argider Arkaitz_Arkaitz Arrats Asier Aurelio_Aurelius Aznar_Aznar 
			Bakar Balendin_Valentine Baltasar Basajaun Belasko_Vasco Beñat_Bernard Bermudo_Vermudo Bernart_Bernard Bikendi_Vincent Bittor_Victor Bruno_Bruno 
			Carlos_Charles Cristóbal_Christopher 
			Danel_Daniel Demetrio_Demetrius Diaco_Diaco Domingo_Dominic Donato_Donatus 
			Eder Edorta_Edward Edur_Edurne Egidio_Egidius Eguzki Ekain Ekaitz Elías_Elijah Endika_Henry Eneko_Eneko Erlantz Erramun_Raymond Estebe_Stephen Eztebe_Stephen 
			Fermin_Firmin Fermintxo_Firmin Fernando_Ferdinand Fortun_Fortune François_Francis Frantzisko_Francis
			Gabriel_Gabriel Gaizka Galindo_Galindo Ganix_John Garaile Gartzia_Garcia Gilen_William Gontzal_Gonzalo Gorka_George Gotzon Gurutz Gutxi
			Harkaitz_Arkaitz Héctor_Hector Herramel Hodei
			Ibai Iban_John Ignacio_Ignatius Igon Iker_Iker Imanol_Emmanuel Iñaki_Ignatius Ion_John Isidore Itzal Izotz
			Jakes_Jacob Jenaro_Januarius Jesús_Jesus Joanes_John Jokin_Joachim Jorge_George Joseba_Joseph Josu_Jesus Julen_Julian 
			Karlos_Charles Kemen Kepa_Cephas Kerman_German Koldo_Louis Koldobika_Louis  
			Ladron Léopold_Leopold Lope_Lupo Luken_Lucian
			Manrike_Amalric Marcelino Markel_Martialis Marko_Mark Martín_Martin Martzel_Marcellus Matia_Matthew Mattin_Martin Matxin_Martin Mikel_Michael Mintxo_Firmin Mitxel_Michael Montxo 
			Nestor Nikola_Nicholas Nuño_Nuno 
			Obeko_Obeko Oier Ordoño_Ordono Oroitz Ortzi
			Pascual_Pascal Patxi_Francis Peio_Peter Peru_Peter Petri_Peter Pelaio_Pelagius Piarres_Peter
			Rafael_Raphael Ramiro_Ramiro Ricardo_Richard Rodrigo_Roderick Roger_Roger 
			Sendoa
			Tibalt_Theobald Tomas_Thomas Txomin_Dominic
			Unai Unax 
			Valentin_Valentine Vela_Vela Víctor_Victor 
			Xabi_Xavier Xabier_Xavier Xanti_Diaco Ximun_Simon
			Zentulo_Centule Zeru Zigor Zorion Zuzen
		}
		female_names = {
			Abene Agnès_Agnes Agurne Agurtzane Ainara Aines_Agnes Ainhoa Aintza Aintzane Alaia Alazne Aldontza_Aldonza Amaia Amaya Amets Andregoto Ane_Anna Anne_Anna Arantxa_Arantzazu Arantzazu_Arantzazu Argiñe Aroa
			Barbara_Barbara Bakarne Belaskita Berengaria_Berengaria Berezi Bidane Bihotz Blanka_Blanche 
			Cándida Carmen_Carmen 
			Daniela_Daniela 
			Ederne Edurne Eguzkiñe Eider Elbira_Elvira Elixabete_Elizabeth Eliza_Elizabeth Emili_Emily Enara Erlea Eskarne Estefania_Stephanie Esti Estiñne Eukene_Eugenia Euria
			Frantziska_Frances
			Garbi_Garbi Garbiñe_Garbi Garden Goizane Goizargi Goizeder Gotzone Gurutze
			Haizea Hilargi Hirune
			Idoia Idoya Igone Ihintza Irati Irune Itsasne_Itsaso Itsaso_Itsaso Itxaro Itxaso_Itsaso Itziar Isabel_Elizabeth Izar Izaro 
			Jone_Jane Josefa_Josephine Josune Juana_Jane June 
			Katalin_Catherine Kattalin_Catherine Kistiñe_Christina Konstantzia_Constance 
			Leire Leonor Lore_Lore Lorea_Lore
			Maia_Mary Maialen_Madeline Maider Maior_Mayor Maite Maria_Mary Mentzia_Mencia Miren_Mary Munia_Munia 
			Nagore Nahia Naia Naiara Nekane Nere_Nere Nerea_Nere Nieves Nikole_Nicole Nora_Eleanor Nuna 
			Oihana Oneka_Oneka Oria Osane
			Plazentzia_Plaisance 
			Rebeca_Rebecca 
			Sorne
			Terese_Theresa Toda_Toda 
			Udane Urraka_Urraca Usoa Uxue 
			Verónica_Veronica 
			Ximena_Simone
			Zorion Zorione Zuriñe
		}
		from_dynasty_prefix = "de "
		
		feminist= yes
		male_patronym = "ez"
		female_patronym = "ez"
		grammar_transform = spanish

		pat_grf_name_chance = 75
		mat_grf_name_chance = 10
		father_name_chance = 5
		
		pat_grm_name_chance = 55
		mat_grm_name_chance = 10
		mother_name_chance = 25

		modifier = default_culture_modifier
	}
}