near_eastern = {
	alternate_start = { NOT = { has_alternate_start_parameter = { key = special_culture value = animal_world } } }
	graphical_cultures =  { easterngfx }
	
	coptic = { #copto-egyptian
		graphical_cultures = { egyptiangfx byzantinegfx }
		
		color = { 0.6 0.4 0.6 }

		male_names = {
			Aaron_Aaron Abanoub_Apanoub Abderahman_Abdalrahman Abianos_Abijah Abisalom Ablarion Abraam_Abraham Agathon_Agathos Agathonikos_Agathonikos Agathos_Agathos Alexandros_Alexander Avilius_Avilius
			Ahmod_Ahmad Aiai Aha Akhom Amon Amakhte An Andronicus_Andronicus Androus_Andrew Anthinos_Anthimos Apanoub_Apanoub Apahour Apamon Apas Aretee Arsenios_Arsenius Ashraf_Ashraf Athanasios_Athanasius 
			Beet Bertouet Biktor_Victor Binyamin_Benjamin Bishoi_Bishara Bolis_Paul Botros_Peter Boutros_Peter Butrus_Peter
			Cosmas_Cosmas 
			Damianos_Damian Danyal_Daniel Da’oud_David Demetrios_Demetrius Dionysios_Dionysus
			Ennikeran Erhu Ezra_Ezra 
			Farag 
			Gerges_George Ghabri_Gabriel Guirguis_George 
			Habil_Cain Hanouf Hanri_Henry Hany Haroun_Aaron Hesdy 
			Ilyas_Elijah Ishaaq_Isaac
			Jerjer_Gregory Jinti Jori 
			Keloj Krystafer_Christopher Kyrillos_Cyril Konstantinos_Constantine 
			Lot Loukios_Lucius
			Macari_Macarius Marcos_Mark Mareten_Martin Matta_Matthew Mei Mikail_Michael Mikhael_Michael Milad_Milad Mina_Menas Musa_Moses Markianos_Marcianus Maximos_Maximus 
			Nakat Nahdi Nishde Nai Naui Nishti Nofr Noub 
			Ounouf Ourot Ouini Ounisht 
			Pajro Pakat Pakhom Pamin Panous Papnouti Pashnona Pasnadi Patape Payom Philotheos Pijimi Pijoul Pikhit Pimen Pimoue Pimoui Pishai Pisha-eneh Pishoui Psote 
			Rami Rashad_Rashad Rashi Roufail_Raphael Ruweis 
			Shenouda Shenouti Shosi Sim'an_Simon Sok Sebastianos_Sebastian 
			Tadros_Theodore Taio Tawadros_Theodore Touma_Thomas Theodosios_Theodosios 
			Yakovos_Jacob Yared_Jared Yoannis_John Yousab_Joseph Yulianos_Julian 
			Zacharias_Zachary Zaia_Isaiah
		}
		female_names = {
			Afaf Amunet Asmin 
			Demiana 
			Elpis_Hope Eratee Ese Ester_Esther 
			Fana 
			Hana_Hannah Hawwa_Eve Heit Hoeite 
			Ilizabith_Elizabeth 
			Kasrin_Catherine Khnau Khreere Kristina_Christine
			Lelou 
			Mariam_Mary Marta_Martha Maysoon_Maysoon Meriam_Mary 
			Nefret 
			Paisi Pernoufe Piama Piamun Potamina 
			Raune Ro'oune 
			Sai'ou Samia_Samira Sawsan Shouree Shoushou Sofia_Sophia Stoi 
			Takla Talida_Taliba Taloushem Tanouti Ta'ou Tawaret 
			Uradaa 
			Virina_Veronica
		}
		
		from_dynasty_prefix = "en "
		
		male_patronym = "psen"
        female_patronym = "tsen"
        prefix = yes

		modifier = default_culture_modifier
	}
	
	assyrian = {
		graphical_cultures = { persiangfx }
		secondary_event_pictures = bedouin_arabic
		
		color = { 0.4 0.3 0.6 }

		male_names = {
			Aba_Abba Abahu_Abahu Abaya_Abaya Abaye_Abaya Abayi_Abaya Abba_Abba Abdima Abdisho Abgar Abimalek Abraham_Abraham Abris Abrisius_Abrisius Acacius Achan Achina Addai_Thaddeus Adlai Aggai Ahai_Ahha Ahadabui Ahha_Ahha "Akha d'abuh'" Akh-es-Samain Antonius_Antonius Aqib-Alaha Asa_Asa Ashur_Asher Avahu Avda_Abahu Avdima_Avdima Avdimi_Avdima Avina Avira Azai
			Babaeus_Babaeus Babai_Babaeus Babowai_Babaeus Babwahi_Babaeus Bar Bar-Abba Barba'shimin Bar-Nabha Bar-Talmai Bar-Timai Bar-Tolmai Bustan_Bustan 
			Caiaphas Cephas_Peter Cephus_Peter Chadlai Chama Chanin_Chanin Chanina_Chanin Chaninai_Chanin Chinena_Chanin Chozai_Chozai Chuma Chunya_Chunya Clopas 
			Dadisho' Denha Domitius_Domitius Dimi Dinkha Dunanu 
			Elisha'_Elisha Eliya_Elijah Emmanuel_Emmanuel Enosh Ezekiel_Ezekiel 
			Fabius_Fabius Farbokht_Farbokht Flavius_Flavius Foma Giwargis_George Grwgari_Gregory 
			Hanina_Chanin Hnanisho' Hozai_Chozai 
			Idan Idra Ila Isaac_Isaac Isho' Isho'yahb Israel_Israel 
			Julius_Julius 
			Kaiapha Karna Katsiu Kelaya 
			Laszio_Lazarus Lazar_Lazarus Lazare_Lazarus Lazaro_Lazarus Lazaros_Lazarus Lazarus_Lazarus Lazarz_Lazarus Lazer_Lazarus Lebbaeus Lucius_Lucius 
			Maadai Macabee_Macabee Maccabee_Macabee Magna_Ma'na Makkikha Maluch Ma'na_Ma'na Marabokht_Farbokht Marcus_Mark Maremmeh Mari Mikha'il_Michael Moqli Muna 
			Nahir_Nahir Nahor_Nahir Nahur_Nahir Narsai Nazuk Nechunya_Chunya Nehor_Nahir Nehorai Niv Nun Nur 
			Oran_Nahir 
			Pappa Paul_Paul Pethion Petros_Peter Petuel 
			Qaligh Qayyoma 
			Raca_Raka Rachim_Chanin Rahim_Chanin Raka_Raka Raz Raziel_Raphael Rubil 
			Saad Saba_Saba Sabah_Saba Sabba'e_Saba Sabrisho'_Sabrisho' Sabr-Ishu_Sabrisho' Salu Samal Sami_Sami Samiy_Sami Sagi_Sagi Sargis_Sergius Sava_Saba Sawma Severus_Severus Shafer Shahdost Shahlufa Shai Shalmai Shama Shamir Shammai Shemaiah Shem'on_Simon Sheraga_Sheraga Shila Shovai Shraga_Sheraga Sima Sliba-zkha Surin 
			Tabbai Taddai_Thaddeus Talmai_Bartholomew Talya_Talia Tam_Thomas Tam'as_Thomas Ta'mhas_Thomas Targhal Tauma Tavi_Tavi Tavish_Tavi Tevis_Tavis Th'amhais_Thomas Thoma_Thomas Timai_Timothy Tiberius_Tiberius Titus_Titus Tiv Toba Todos Tolmai_Bartholomew Tomarsa_Tomarsa Tamuza_Tomarsa Tulmay_Bartholomew 
			Ukba 
			Yahballaha Yanai Ya'qob_Jacob Yeshua_Joshua Yohannan_John Yosip_Joseph Yousef_Joseph Yunanis_John 
			Zerika
		}
		female_names = {
			Adva Alya Anena Anina 
			Bustan_Bustan 
			Chanina Chasina Chayuta_Chayuta China_Hina Chiyuta_Chayuta 
			Dikla_Dikla Diklah_Dikla Diklit_Dikla Duvsha 
			Hanina_Chanin Hasna Hayuta_Chayuta Hina_Hina 
			Ketina Kitra
			Magdala Mahalia_Mahalia Mahalie_Mahalia Marfa_Martha Mariam_Maria Marta_Martha Marte_Martha Martha_Martha Marthe_Martha Marti_Martha Martita_Martha Mehalia_Mahalia Meiriona_Meirona Meirona_Meirona Morta_Martha
			Nahara_Nura Nura_Nura 
			Raz Reuma 
			Saba_Saba Sabah_Saba Samantha Sameah_Sami Samee_Sami Sameea_Sami Samiya_Sami Samiyah_Sami Samiyya_Sami Samya_Sami Sava_Saba Shapira Sima 
			Tabatha_Tabitha Tabby_Tabitha Tabetha_Tabitha Tabitha_Tabitha Tadea_Thaddea Talia_Talia Taliah_Talia Talya_Talia Talitha Tam_Thomasa Tamasin_Thomasa Tami_Thomasa Tammy_Thomasa Tamsin_Thomasa Tamsyn_Thomasa Tamzin_Thomasa Thaddea_Thaddea Thomasa_Thomasa 
			Zeita_Zeta Zeta_Zeta
		}

		from_dynasty_prefix = "mkis "
		
		male_patronym = "Bar "
		female_patronym = "Barta "
		prefix = yes

		modifier = default_culture_modifier
	}
	
	babylonian = {
		graphical_cultures = { arabicgfx muslimgfx }
		secondary_event_pictures = bedouin_arabic
		
		color = { 0.35 0.4 0.7 }

		male_names = {
			Aba_Abba Abahu_Abahu Abaya_Abaya Abaye_Abaya Abayi_Abaya Abba_Abba Abdima Abdisho Abgar Abimalek Abraham_Abraham Abris Abrisius_Abrisius Acacius Achan Achina Addai_Thaddeus Adlai Aggai Ahai_Ahha Ahadabui Ahha_Ahha "Akha d'abuh'" Akh-es-Samain Antonius_Antonius Aqib-Alaha Asa_Asa Ashur_Asher Avahu Avda_Abahu Avdima_Avdima Avdimi_Avdima Avina Avira Azai
			Babaeus_Babaeus Babai_Babaeus Babowai_Babaeus Babwahi_Babaeus Bar Bar-Abba Barba'shimin Bar-Nabha Bar-Talmai Bar-Timai Bar-Tolmai Bustan_Bustan 
			Caiaphas Cephas_Peter Cephus_Peter Chadlai Chama Chanin_Chanin Chanina_Chanin Chaninai_Chanin Chinena_Chanin Chozai_Chozai Chuma Chunya_Chunya Clopas 
			Dadisho' Denha Domitius_Domitius Dimi Dinkha Dunanu 
			Elisha'_Elisha Eliya_Elijah Emmanuel_Emmanuel Enosh Ezekiel_Ezekiel 
			Fabius_Fabius Farbokht_Farbokht Flavius_Flavius Foma Giwargis_George Grwgari_Gregory 
			Hanina_Chanin Hnanisho' Hozai_Chozai 
			Idan Idra Ila Isaac_Isaac Isho' Isho'yahb Israel_Israel 
			Julius_Julius 
			Kaiapha Karna Katsiu Kelaya 
			Laszio_Lazarus Lazar_Lazarus Lazare_Lazarus Lazaro_Lazarus Lazaros_Lazarus Lazarus_Lazarus Lazarz_Lazarus Lazer_Lazarus Lebbaeus Lucius_Lucius 
			Maadai Macabee_Macabee Maccabee_Macabee Magna_Ma'na Makkikha Maluch Ma'na_Ma'na Marabokht_Farbokht Marcus_Mark Maremmeh Mari Mikha'il_Michael Moqli Muna 
			Nahir_Nahir Nahor_Nahir Nahur_Nahir Narsai Nazuk Nechunya_Chunya Nehor_Nahir Nehorai Niv Nun Nur 
			Oran_Nahir 
			Pappa Paul_Paul Pethion Petros_Peter Petuel 
			Qaligh Qayyoma 
			Raca_Raka Rachim_Chanin Rahim_Chanin Raka_Raka Raz Raziel_Raphael Rubil 
			Saad Saba_Saba Sabah_Saba Sabba'e_Saba Sabrisho'_Sabrisho' Sabr-Ishu_Sabrisho' Salu Samal Sami_Sami Samiy_Sami Sagi_Sagi Sargis_Sergius Sava_Saba Sawma Severus_Severus Shafer Shahdost Shahlufa Shai Shalmai Shama Shamir Shammai Shemaiah Shem'on_Simon Sheraga_Sheraga Shila Shovai Shraga_Sheraga Sima Sliba-zkha Surin 
			Tabbai Taddai_Thaddeus Talmai_Bartholomew Talya_Talia Tam_Thomas Tam'as_Thomas Ta'mhas_Thomas Targhal Tauma Tavi_Tavi Tavish_Tavi Tevis_Tavis Th'amhais_Thomas Thoma_Thomas Timai_Timothy Tiberius_Tiberius Titus_Titus Tiv Toba Todos Tolmai_Bartholomew Tomarsa_Tomarsa Tamuza_Tomarsa Tulmay_Bartholomew 
			Ukba 
			Yahballaha Yanai Ya'qob_Jacob Yeshua_Joshua Yohannan_John Yosip_Joseph Yousef_Joseph Yunanis_John 
			Zerika
			Abu-Bakr_Abubakr Aarif_Arif Abdul-Gafur_Abdulgafur Abdul-Jaleel_Abduljalil Abdul-Qadir_Abdulqadir Abdul-Rahman_Abdalrahman Abdul-Wahab_Abdulwahab Abdul_Abdul Abdullah_Abdullah Aghlab Akin Ali_Ali Alim_Alim Aram Azam_Azam 
			Bahir_Bahir Burhanaddin
			Fadil_Fadl Fadl_Fadl Faruk_Faruq 
			Ghalib_Ghalib 
			Hafiz_Hafiz Halil_Khalil Hasan_Hasan Husam_Husam Hussayn_Hussayn 
			Ibrahim_Abraham Idris_Idris Is'mail_Ishmael Isa_Jesus 
			Jabir_Jabir Jalil_Jalil Jibril_Gabriel 
			Khaireddin Khalil_Khalil 
			Mahdi Mahmud_Mahmud Mansur_Mansur Mirza_Mirza Mubarak_Mubarak Muhammad_Muhammad Mukhtar Murad_Murad Musa_Moses Muslihiddin Muzaffaraddin 
			Najib_Najib Nasr_Nasir Nizam 
			Qawurd 
			Ramadan_Ramadan 
			Sa'daddin Sadiq_Sadiq Sami Samir_Samir Shaiban Shamir Shujah Sulayman_Solomon 
			Talib_Talib 
			Ubayd Uways_Uways 
			Yahya_John Ya'qub_Jacob Youkhanna_John Yusuf_Joseph 
			Zeyd
			Sargon Zababa Ur-Nammu_Ur-Nammu Ur-Namma_Ur-Nammu Ur-Engur_Ur-Nammu Ur-Gur_Ur-Nammu Hammurabi Su-Abu_Sumu-Abum Sumu-Abum_Sumu-Abum Sumu-la-el_Sumulael Sumulael_Sumulael Sumu-la-ilu_Sumulael
			Sabium_Sabium Sabum_Sabium Apil-Sin Sin-Muballit Samsu-iluna_Shamshu Shamshu_Shamshu Abi-eshuh_Abieshu Abieshu_Abieshu Ammi-ditana Ammi-saduqa_Ammisaduqa
			Ammisaduqa_Ammisaduqa Samsu-Ditana
		}
		female_names = {
			Adva Alya Anena Anina 
			Bustan_Bustan 
			Chanina Chasina Chayuta_Chayuta China_Hina Chiyuta_Chayuta 
			Dikla_Dikla Diklah_Dikla Diklit_Dikla Duvsha 
			Hanina_Chanin Hasna Hayuta_Chayuta Hina_Hina 
			Ketina Kitra
			Magdala Mahalia_Mahalia Mahalie_Mahalia Marfa_Martha Mariam_Maria Marta_Martha Marte_Martha Martha_Martha Marthe_Martha Marti_Martha Martita_Martha Mehalia_Mahalia Meiriona_Meirona Meirona_Meirona Morta_Martha
			Nahara_Nura Nura_Nura 
			Raz Reuma 
			Saba_Saba Sabah_Saba Samantha Sameah_Sami Samee_Sami Sameea_Sami Samiya_Sami Samiyah_Sami Samiyya_Sami Samya_Sami Sava_Saba Shapira Sima 
			Tabatha_Tabitha Tabby_Tabitha Tabetha_Tabitha Tabitha_Tabitha Tadea_Thaddea Talia_Talia Taliah_Talia Talya_Talia Talitha Tam_Thomasa Tamasin_Thomasa Tami_Thomasa Tammy_Thomasa Tamsin_Thomasa Tamsyn_Thomasa Tamzin_Thomasa Thaddea_Thaddea Thomasa_Thomasa 
			Zeita_Zeta Zeta_Zeta
			Adila Amsha Asiya 
			Faghira 
			Habiba Hanifa 
			Jahaira 
			Kamala 
			Layla_Laila 
			Maryam_Maria 
			Nafisa Nyawela 
			Parand Parween Paymaneh Paywand 
			Qamara 
			Rafiqa Rasa Rashida Reshawna
			Saaman Sabba Saghar Sahba Sajida Samira Semeah Setara Shahrbano Shahzadah Shameem Shararah Sheeftah Sheeva Shogofa Shokouh Shola Sholah Simin Souzan
			Taliba Tanaz Taneen 
			Yagana Yakta Yasmin_Yasmin 
			Zaynab
		}

		from_dynasty_prefix = "mnis "
		
		male_patronym = "Bnar "
		female_patronym = "Binrta "
		prefix = yes

		modifier = default_culture_modifier
	}
	
	zabbalin = {
		graphical_cultures = { egyptiangfx levantinegfx arabicgfx muslimgfx }
		
		color = { 0.3 0.4 0.5 }

		male_names = {
			Aaron_Aaron Abanoub Abderahman_Abdalrahman Abdul-Aziz_Abdulaziz Abdul-Haq_Abdulhaq Abdul-Madjid_Abdulmajid Abdul-Salaam_Abdulsalaam Abdullah_Abdullah Abianos_Abijah Abisalom Ablarion Abraam_Abraham Abu-Bakr_Abubakr Adnan Agathon_Agathos Agathonikos_Agathonikos Agathos_Agathos Ahmad_Ahmad Akbar_Akbar Alam Ali_Ali Amr Androus_Andrew Anthinos_Anthimos Arsenios_Arsenios Ashraf_Ashraf Asim_Asim Athanasios_Athanasius 
			Badr Bashir Biktor_Victor Binyamin_Benjamin Bishoi_Bishara Boutros_Peter 
			Danyal_Daniel Dawlat Da’oud_David
			Ezra_Ezra Farhan 
			Firuz_Peroz 
			Gabri’el_Gabriel Georgios_George Ghiyasaddin 
			Habil_Abel Hakam_Hakam Hammud Hanri_Henry Haroun_Aaron Hisham_Hisham Hussayn_Hussein 
			Ibrahim_Abraham Ilyas_Elijah Is'mail_Ismail Izzaddin 
			Jalaaladdin Jawdat Jerjer_Gregory 
			Kemaladdin Khalil_Khalil Krystafer_Christopher
			Latif_Latif Lot 
			Malik Matta_Matthew Mehtar Mikail_Michael Mikhael_Michael Milad_Milad Mina_Menas Muammar Muhammad_Muhammad Mukhtar Murad_Murad Murshid Musa_Moses Muzaffaraddin 
			Nabil_Nabil Nasir_Nasir Nassib Nuraddin 
			Pamin 
			Qadir_Qadir 
			Ra'uf Rafiq_Rafiq Ridwan_Ridwan 
			Sabah Salim_Salim Sha'ban Sharif_Sharif Suhail_Suhail 
			Tadros_Theodore Tajaddin Tayyib_Tayyib Touma_Thomas 
			Usama 
			Walid_Walid 
			Yahya_John Yared_Jared Yassir Youkhanna_John Youssef_Joseph 
			Zaia_Isaiah Zakariyah_Zachary
		}
		female_names = {
			Acenith Alia Amunet Andali Asanet Asenath Asenet Azenet 
			Badiat 
			Cena 
			Fatima_Fatima 
			Halima 
			Jamila 
			Khadija 
			Majida Mariam_Maria 
			Nabila Nura 
			Radiya Rana 
			Sacmis Safiya Samira Suhaila 
			Tawaret Taweret Titi Thuriya 
			Zara Zahra_Zahra
		}
		from_dynasty_prefix = "mn "
		
		male_patronym = "ibn "
		female_patronym = "bint "
		prefix = yes
		
		dynasty_title_names = yes
		founder_named_dynasties = yes

		modifier = default_culture_modifier
	}
}
	
