australian = {
	alternate_start = {
		NOR = {
			has_alternate_start_parameter = { key = special_culture value = animal_world }
			has_alternate_start_parameter = { key = special_culture value = alien_world }
			has_alternate_start_parameter = { key = special_culture value = animal_alien_world }
		}
	}
	graphical_cultures = { englishgfx westerngfx }	
	
	darwinian = {
		graphical_cultures = { englishgfx westerngfx }

		color = { 0.7 0.4 0.1 }
		
		male_names = {
			Aaron_Aaron Ace Adrian_Adrian Aiden_Aidan Alex_Alexander Alexander_Alexander Allan_Alan Andrew_Andrew Andy_Andrew Angelo_Angel Anthony_Anthony Archer Arnold_Arnold Arthur_Arthur Asher Ashton_Ashton 
			Barnes Baron Barrett Barry_Barry Bart_Bartholomew Bathurst Ben_Benjamin Bernard_Bernard Bert_Albert Blake Blaze_Blaise Boomer Boonie Boxer Bradman Brandon_Brandon Bransby Brett Brian_Brian Brock Broden Bronco Bruce_Bruce Brumby Bryan_Brian Budgie Bundy Bushman 
			Calvin_Calvin Carter Chad Chang Charles_Charles Chase Chaz_Charles Chester_Chester Christopher_Christopher Clem_Clement Clive Cody Colgate Colin_Colin Cooper Craig_Craig Creighton Cruise_Cruise Cyrus_Cyrus
			Dale Damien_Damian Daniel_Daniel Danny_Daniel Darren_Darren Darwin David_David Davie_David Dax Dazza_Darren Declan Denis_Dionysus Dennis_Dionysus Derek_Theodoric Desmond Dexter Diesel Dingo Dominic_Dominic Don_Donald Donald_Donald Dorian_Dorian Douglas_Douglas Drake Duffy Duke Duncan Dwayne Dylon 
			Earl_Earl Edgar_Edgar Edmund_Edmund Edward_Edward Eliott_Elijah Eric_Erik Ethan_Ethan Everett Ezra_Ezra 
			Fabian_Fabian Felix_Felix Ferdie_Ferdinand Finnley_Finnlay Flash Ford Forrest Francis_Francis Freddie_Frederick 
			Gabriel_Gabriel Gareth Garrick Gary Gavin_Gavin Geoffrey_Geoffrey George_George Georgie_George Gerard_Gerard Glenn Gordon_Gordon Graham Grant Greg_Gregory Gregory_Gregory Guy_Guy
			Hall Harley Harry_Henry Henry_Henry Herbie_Herbert Hobart Holden Holt Howard Hughsey_Hugh Hunter 
			Ian_John Isaac_Isaac
			Jack_John Jacob_Jacob James_James Jared_Jared Jason_Jason Jeffrey_Geoffrey Jesse Jett Jimmy_James Joey_Joeseph John_John Jonathan_Jonathan Joseph_Joseph Josh_Joshua Julian_Julian Justin_Justin
			Kai_Gaius Kaleb_Caleb Keegan Keith_Keith Kendrick_Henry Kenneth_Kenneth Kenny_Kenneth Kev_Kevin Kevin_Kevin Kezza_Kevin Kingswood Kirk Knight Kurt_Conrad Kyle Kyler 
			Lance Lane Lawrence_Lawrence Leland Leo_Leo Leonard_Leonard Les_Leslie Lindsay Levi_Levi Liam_William Lloyd Louis_Louis Lucas_Luke
			Maddox Malcolm_Malcolm Mark_Mark Martin_Martin Marty_Martin Matt_Matthew Maurice_Maurice Maverick Maxwell Max_Maximus Micah_Micah Michael_Michael Mike_Michael Miles_Miles Mitchell_Mitchell Monty_Montgomery Morris_Maurice  
			Nelson_Neil Nathan_Nathan Ned_Edward Neil_Neil Neville Nicholas_Nicholas Nick_Nicholas Noah_Noah Nigel_Nigel Norman Norton
			Oakley Oliver_Oliver Ollie_Oliver Orlando_Roland Oscar_Oscar Owen_Eugene Ozzie_Oswald
			Palmer Patrick_Patrick Paul_Paul Percy_Percival Perth Peter_Peter Philip_Phillip Porter 
			Ray_Raymond Red Redpath Reece_Rhys Reggo_Reynold Reginald_Reynold Rex Rhett Richard_Richard Ricky_Richard Robert_Robert Robin_Robin Roderick_Roderick Roger_Roger Ronald_Ronald Ross Rupert_Robert Russell Ryan_Ryan Ryder Ryker 
			Sam_Samuel Scottie_Scott Sean_John Sebastian_Sebastian Seth_Seth Shane_John Shaz_John Shazza_John Simon_Simon Spencer Spike Spiro Stan_Stanley Steele Stephen_Stephen Sterling Steve_Stephen Steven_Stephen Storm Striker Stuart 
			Tanner Taylor Ted_Theodore Terence_Terence Terry_Terence Thad_Thaddeus Thomas_Thomas Tiger Tim_Timothy Timmo_Timothy Timothy_Timothy Titus_Titus Toby_Tobias Tommy_Thomas Tony_Anthony Travis Trevor Tristan_Tristan Troy Tyler Tyson 
			Vance Vegemite Victor_Victor Vincent_Vincent
			Walt_Walter Warren Wayne William_William Wolf_Wolf Wolfgang_Wolfgang Wolfie_Wolf Woody Wombat Wyatt
			Xander_Alexander Xavier_Xavier
			Zack_Zachary Zhang
		}

		female_names = {
			Abby_Abigail Abigail_Abigail Adelaide_Adelaide Aisha_Aisha Alessa_Alexandra Alexa_Alexandra Alexandra_Alexandra Alice_Alice Alira Alison_Alice Amanda_Amanda Amber_Amber Angela_Angela Ann_Anna Anna_Anna Annabelle Annalise Anne_Anna Annette_Anna Audrey
			Barbara_Barbara Beatrice_Beatrix Becca_Rebecca Bethany_Bethany Beverly_Beverly Bianca_Blanche Bindi Blakely Brenda Bridgette_Bridget Brittney_Brittany Brooke_Brooke Brookley_Brooke
			Capri Carol_Caroline Caroline_Caorline Carolyn__Caorline Cassidy Catherine_Catherine Cathy_Catherine Cecilia_Cecilia Charlotte_Charlotte Chantal Chelsey Cheryl Cheyenne Chiara_Clara Chloe_Chloe Christine_Christina 
			Daintree Daleen Dalmacia Danielle_Daniela Darlene Dawn_Dawn Dawne_Dawn Debbie_Deborah Deborah_Deborah Debra_Deborah Dia_Diamantina Diamantina_Diamantina Diane_Diana Dianne_Diana Dorothea_Dorothy Dorothy_Dorothy Dreamworld 
			Edna Elaine_Helen Electra Elizabeth_Elizabeth Emily_Emily Emma_Emma Esther_Esther Eva_Eve Evie_Eve Ezza_Elizabeth
			Fatima_Fatima Fiona Florence Foxy Frances_Frances 
			Gabriela_Gabriela Gemma_Gemma Georgia_Georgia Glenda Glenys Grace_Grace
			Hannah_Hannah Harper Hayleen Hayley_Haley Hazel Heather_Heather Heidi_Adelaide Helen_Helen Heraclea Hermelina_Ermelind Hermogena Holly_Holly
			Imogen Indigo Indy_Indiana Irena_Irene Irene_Irene Ivy Izzabella_Elizabeth Izzy_Elizabeth
			Jacquie_Jacqueline Jade_Jade Jane_Jane Janet_Jane Janette_Jane Janice_Jane Janine_Jane Jayne_Jane Jazmine_Jasmine Jeanette_Jane Jennifer_Jennifer Jesinta Jillian Joan_Jane Joanne_Jane Jorja_Georgia Joy Joyleen Judith_Judith Julia_Julia Julie_Julia
			Kaiya Karen_Catherine Kate_Catherine Kathleen_Caitlin Kathryn_Catherine Kay_Catherine Kaye_Catherine Kels_Kelsey Kelsey_Kelsey Kerrie Kezza_Catherine Kim_Kimberly Kirsten_Christina Krissy_Christina Kylie 
			Laura_Laura Lauren_Laurentia Layelle Layla Leah_Leah Leanne Leonie Liberty Lily_Lily Linda_Linda Liz_Elizabeth Lois_Louise Lorraine Louise_Louise Lucy_Lucia Lyn_Linda Lynda_Linda Lynette_Linda Lynne_Linda
			Mackalynn Maddie_Madeline Maggie_Margaret Mags_Margaret Makenzie Margaret_Margaret Maria_Mary Marie_Mary Marilyn Marion_Mary Marjorie Marlene Mary_Mary Matilda_Matilda Maureen Mia Michele_Michelle Michelle_Michelle Mikayla_Michelle Miley Myah 
			Nancy Natasha_Natalie Nell Nellie Nevaeh Nikiyah 
			Ocean Olga_Helga Olivia_Olivia Olympia
			Paige Pamela Paris Patricia_Patricia Paula_Paula Pauline_Paula Peggy_Margaret Pheobe Priscilla
			Raeline Rayleen Redd Rei Rhonda Robyn Rose_Rose Rosemary_Rosemary Roslyn Ruby Ruth_Ruth Rybekkah 
			Sabrina Sachi Sally Samantha_Samantha Sandra_Alexandra Savannah Scarlette Seana_Jane Shae Shandell Sharon_Sharon Shayne Shaz_Sharon Shiraz Shirley Sienna Skye Skylah Sophie_Sofia Stella Sue_Susan Summer Sunny Susan_Susan Susanne_Susan Suzanne_Susan 
			Tahlia Tahni Talisha Talli Tammy Taneesha Tarcela Taysha Teresa_Theresa Tijana Tori_Victoria Tracy Trecita_Theresa Trinity 
			Valerie_Valeria Vegas Vera_Vera Vicki_Victoria Vicky_Victoria Victoria_Victoria Vivian_Vivian 
			Yvonne_Yvonne
			Zara Zoe_Zoe
		}

		from_dynasty_prefix = "of "

		pat_grf_name_chance = 20
		mat_grf_name_chance = 10
		father_name_chance = 20
		
		pat_grm_name_chance = 20
		mat_grm_name_chance = 20
		mother_name_chance = 10
		
		used_for_random = no

		modifier = default_culture_modifier
	}
	maglish = { #Malay-Darwinian hybrid
		graphical_cultures = { indonesiangfx malaygfx muslimgfx englishgfx westerngfx  }
		secondary_event_pictures = bedouin_arabic
		
		color = { 0.9 0.5 0.2 }
	
		male_names = {
			Awi Ace Adrien_Adrian Aiden_Aidan Alen_Alan Andru_Andrew Andi_Andrew Anthony_Anthony Antoni_Anthony Archer_Archer Arcer_Archer Arnold_Arnold Artur_Arthur Asher Aston_Ashton Abas_Abbas Abdullah_Abdullah Ahmad_Ahmad Adam_Adam Adnan_Aidan Akmal_Akmal Ali_Ali Amar_Amar Akil_Aqil Arifin_Arifin Asyraf_Ashraf
			Brasen Barnes Barun Beret Barry_Barry Beri_Barry Bartus_Bartholomew Batorst Bunyamin_Benjamin Ben_Benjamin Bernard_Bernard Bert_Albert Blake Blaze_Blaise Booni Bokser Bradman Brandon_Brandon Brensbi Baret Brian_Brian Brok Brodan Bronko Brus_Bruce Bruce_Bruce Brumbi Bryan_Brian Budgi Bundi Borhan_Burhan Brasen Burhanuddin_Burhanuddin
			Chad Charles_Charles Chase Chaz_Charles Chester_Chester
			Dale Damien_Damian Daniel_Daniel Dani_Daniel Daren_Darren Darwin Darwish_Dervish David_David Daud_David Davie_David Daks Daza_Darren Deklan Denis_Dionysus Derek_Theodoric Desmon Dekster Diesel Dingo Dominik_Dominic Don_Donald Donald_Donald Dorian_Dorian Duglas_Douglas Drek Dufi Duke Dunkan Dwain Dilan_Dylon Dylon_Dylon Dahlan Dzulqarnain 
			Erl_Earl Edgar_Edgar Edmon_Edmund Edward_Edward Eliot_Elijah Erik_Erik Etan_Ethan Everet Ezra_Ezra Elyas_Elijah Emran_Imran 
			Fabian_Fabian Feliks_Felix Ferdi_Ferdinand Finlei_Finnlay Flash Ford Fores Francis_Francis Fredi_Frederick Filip_Phillip
			Gabriyal_Gabriel Garet_Gareth Garick_Garrick Gari_Gary Gary_Gary Gaven_Gavin George_George Georgi_George Gerard_Gerard Glen Gordon_Gordon Graham Grant Greg_Gregory Gregory_Gregory Guy_Guy
			Hall Harley Harry_Henry Henry_Henry Herbie_Herbert Hobart Holden Holt Howard Hughsey_Hugh Hunter Hafidz_Hafiz Hakiem_Hakim Halim_Halim Hamzah_Hamza Haron_Aaron Harris_Harith Hashim_Hashim Hassan_Hasan Haziq_Haziq Hussain_Hussayn
			Ian_John Isaac_Isaac Isa_Jesus Ibrahim_Abraham Idrus_Idris Ikhsan_Ihsan Ishak_Isaac Iskandar_Alexander Ismail_Ishmael Izzuddin 
			Jibrel_Gabriel Jack_John Jacob_Jacob James_James Jared_Jared Jason_Jason Jeffrey_Geoffrey Jesse Jett Jimi_James Joie_Joeseph John_John Jonathan_Jonathan Joseph_Joseph Josh_Joshua Juleyan_Julian Justin_Justin Jaafar_Jafar  Jamil_Jamil Jasin_Yasin Jati 
			Kelvin_Kalvin Kristoper_Christopher Klem_Clement Klive_Clive Kody_Cody Kolgate_Colgate Kolin_Colin Kuper_Cooper Kreg_Craig Kreghton_Creighton Kruse_Cruise Kai_Gaius Karter Kaleb_Caleb Kigan Keith_Keith Kendrick_Henry Keneth_Kenneth Keni_Kenneth Kev_Kevin Kevin_Kevin Keza_Kevin Kingswood Kirk Knight_Knight Kurt_Conrad Kail Kailer 
			Lance Lane Lawrense_Lawrence Lelan Leo_Leo Leonard_Leonard Les_Leslie Lindsi Levi_Levi Liam_William Loid_Lloyd Luis_Louis Lukas_Luke Lani
			Madox Malcolm_Malcolm Mark_Mark Martin_Martin Marti_Martin Mat_Matthew Moris_Maurice Mavarik Makswel Maks_Maximus Mica_Micah Mikhail_Michael Maike_Michael Mail_Ishmael Mails_Miles Mitshel_Mitchell Monti_Montgomery  
			Nelson_Neil Natan_Nathan Ned_Edward Nel_Neil Nevile Nikolas_Nicholas Nik_Nicholas Noh_Noah Nigel_Nigel Norman Norton
			Okli_Oakley Oliver_Oliver Olie_Oliver Orlan_Roland Oskar_Oscar Owen_Eugene Ozi_Oswald Osman_Uthman Otoman_Uthman
			Palmer Patrik_Patrick Paul_Paul Persi_Percival Perth Peter_Peter Porter Putra_Putra Prinse_Putra Pendekar_Knight
			Raye_Raymond Red Redpath Rego_Reynold Reginald_Reynold Reks Rhet Richard_Richard Ricki_Richard Robert_Robert Robin_Robin Roderik_Roderick Roger_Roger Ronald_Ronald Rost Rupart_Robert Rusal Ryan_Ryan Rider Rker Ribut_Storm
			Sirus_Cyrus Sam_Samuel Scotie_Scott Sean_John Sebastian_Sebastian Seth_Seth Shane_John Shaz_John Shaza_John Simon_Simon Spenser Spaik Spiro Stan_Stanley Steele Stephen_Stephen Sterling Steve_Stephen Steven_Stephen Striker Stuart 
			Tuah Taufik_Tawfiq Taner Tehlor Ted_Theodore Terence_Terence Teri_Terence Thad_Thaddeus Tomas_Thomas Tiger Tim_Timothy Timmo_Timothy Timothy_Timothy Titus_Titus Toby_Tobias Tommy_Thomas Tony_Anthony Travis Trevor Tristan_Tristan Troy Tyler Tyson 
			Vance Vegemite Viktor_Victor Vinsent_Vincent
			Walt_Walter Warren Wayne Wiliam_William Wolf_Wolf Wolfgang_Wolfgang Wolfi_Wolf Wodi Wombat Wyat
			Xandar_Alexander Xaver_Xavier
			Yahya_John Yunus_Jonah Yusniarsyah Yusransyah Yusuf_Joseph 
			Zak_Zachary
		}
		female_names = {
			Abi_Abigail Abigel_Abigail Adelade_Adelaide Aisya_Aisha Alesa_Alexandra Aleksa_Alexandra Aleksandra_Alexandra Alise_Alice Alira Asma Aminah_Aminah Alison_Alice Amanda_Amanda Amber_Amber Angela_Angela An_Anna Ana_Anna Anabele Analise Anne_Anna Anet_Anna Audri
			Barbara_Barbara Beatriks_Beatrix Beka_Rebecca Betani_Bethany Beverli_Beverly Bianka_Blanche Bindi Blakli Brenda Brijet_Bridget Britnay_Brittany Brooke_Brooke Brookli_Brooke Badariah Bahiyah Bariah
			Charlotte_Charlotte Chantal Chelsi Cherail Cheyane
			Daentri Dalin Dalmasia Daniele_Daniela Darlene Dawn_Dawn Dawni_Dawn Debi_Deborah Deborah_Deborah Debra_Deborah Dia_Diamantina Diamantina_Diamantina Diane_Diana Dianne_Diana Dorotea_Dorothy Doroti_Dorothy Dreamdunia
			Edna Elan_Helen Elektra Elizabeth_Elizabeth Emili_Emily Ema_Emma Ester_Esther Eva_Eve Evi_Eve Eza_Elizabeth
			Fatimah_Fatima Fiona Florense Foxi Franses_Frances 
			Gabriyala_Gabriela Gama_Gemma Georgia_Georgia Glenda Glenis Grase_Grace
			Hana_Hannah Harper Hailin Haili_Haley Hazal Heter_Heather Heidi_Adelaide Helen_Helen Heraklia Hermelina_Ermelind Hermogena Holi_Holly
			Imogen Indigo Indi_Indiana Irena_Irene Irene_Irene Ivy Isabel_Elizabeth Izi_Elizabeth
			Johana_Jane Jakqui_Jacqueline Jade_Jade Jane_Jane Janet_Jane Janis_Jane Janine_Jane Jaine_Jane Jenet_Jane Jenifer_Jennifer Jesinta Jilian Joan_Jane Jorja_Georgia Joy Jolin Judit_Judith Julia_Julia Julie_Julia
			Kapri Karol_Caroline Karolin_Caroline Karoline_Caroline Kasidi_Cassidy Katerine_Catherine Kati_Catherine Klara_Clara Kiara_Clara Kloe_Chloe Kristine_Christina Kaiya Karen_Catherine Kate_Catherine Katlin_Caitlin Katrin_Catherine Kaie_Catherine Kelsi_Kelsey Kels_Kelsey Keri Keza_Catherine Kim_Kimberly Kirsten_Christina Krisi_Christina Kailie 
			Laura_Laura Lauren_Laurentia Layele Laila Lea_Leah Leane Leoni Liberti Lili_Lily Linda_Linda Liz_Elizabeth Luis_Louise Lorain Luise_Louise Luci_Lucia Lin_Linda Linete_Linda Line_Linda
			Makalin Madi_Madeline Maggi_Margaret Mags_Margaret Makanzi Margaret_Margaret Mariah_Mary Marih_Mary Marilin Marion_Mary Marjorie Marlene Mary_Mary Matilda_Matilda Maurin Mia Micele_Michelle Mikaila_Michelle Mili 
			Nansi Natasya_Natalie Nel Neli Nevah Nikiyah Najwan Noor Norashikin Nuha Nurhidayah Nurr Nurul
			Osian Olga_Helga Olivia_Olivia Olympia Orked 
			Paige Pamela Paris Patrisia_Patricia Paula_Paula Paulin_Paula Peggi_Margaret Pheob Priskila Prinses_Putri Putri_Putri
			Raylin Raylen Red Rei Ronda Robin Ros_Rose Rosmari_Rosemary Roslin Rubi Rut_Ruth Ribeka 
			Sesilia_Cecilia Sabrina Saci Salie Samanta_Samantha Sandra_Alexandra Savana Skarlet Seana_Jane Shae Sharon_Sharon Shain Shaz_Sharon Shiraz Shirli Siena Ski Skila Sofi_Sofia Stela Su_Susan Sumer Suni Susan_Susan Suzan_Susan 
			Tahlia Tahni Talisha Talli Tami Tanisha Tarsela Taisha Teresa_Theresa Tijana Tori_Victoria Trasi Tresita_Theresa Triniti 
			Valeri_Valeria Vegas Vera_Vera Vicki_Victoria Victoria_Victoria Vivian_Vivian 
			Yvonne_Yvonne Yasmin_Jasmine Yufida 
			Zara Zoe_Zoe Zahirah Zahra Zainab_Zaynab Zalila Zanariah Zarith Zatashah Zerafina Zubaidah

		}
		from_dynasty_prefix = "of "
		
		male_patronym = "ibni "
		female_patronym = "binti "
		prefix = yes
		
		allow_looting = yes
		seafarer = yes
			
		modifier = default_culture_modifier
	}
}