austronesian = {
	alternate_start = {
		NOR = {
			has_alternate_start_parameter = { key = special_culture value = animal_world }
			has_alternate_start_parameter = { key = special_culture value = alien_world }
			has_alternate_start_parameter = { key = special_culture value = animal_alien_world }
		}
	}
	graphical_cultures = { bodpagfx mongolgfx indiangfx muslimgfx }

	tagalog = { #Typical Filipino names, add more if you wanna
		graphical_cultures = { filipinogfx southeastasiangfx indiangfx muslimgfx }
		
		color = { 0.93 0.86 0.5 }
		
		alternate_start = {
			OR = {
				year >= 1000
				has_alternate_start_parameter = { key = culture value = full_random }
			}
		}

		male_names = { 
			Aaron_Aaron Alberto_Albert Alejandro_Alexander Alfonso_Alphonse Anaclito_Anacletus Andres_Andrew Anecito_Anicetus Antonio_Anthony Aquino Armando_Herman
			Benito_Benedict Bruno_Bruno 
			Carlos_Charles Carmelito_Carmelo Cepriano_Cyprian Cesar_Caesar Claro Clodualdo Condrado Cresenciano_Crescentian Crisologo_Chrysologus Crispulo_Crispulus 
			Daniel_Daniel Darwin David_David Diego_Diaco Dominador_Dominador Domingo_Dominic 
			Eduardo_Edward Efren_Ephraim Emilio_Emil Engracio Enrique_Henry Esperidion_Spyridon Esteban_Stephen 
			Felixberto Felipe_Phillip Felizardo Fernando_Ferdinand Florendo
			Gabriel_Gabriel Galicano Geraldo_Gerald Gerardo_Gerard 
			Hector_Hector Honesto_Honestus Hugo_Hugh 
			Igmedio Ignacio_Ignatius 
			Jaime_James Javier_Xavier Jorge_George Jose_Joseph Jovito Juan_John Juliano_Julian Julio_Julius 
			Leonardo_Leonard Leonido_Leonidas Leonilo Leonito_Leo Lorenzo_Lawrence Lucas_Luke Luis_Louis Lutgardo 
			Manuel_Emmanuel Marcelito_Marcellus Mario_Marius Marcos_Mark Marianito_Marianus Mauricio_Maurice Melencio Miguel_Michael 
			Nicolas_Nicholas Norberto_Norbert 
			Oliver_Oliver Orlando_Roland Oscar_Oscar 
			Pacito Patricio_Patrick Patrocenio Pedro_Peter Porferio_Porphyrius Proceso_Processus Protacio_Protasius
			Rafael_Raphael Raimundo_Raymond Ramon_Raymond Regalado Renante Reynaldo_Reynold Rodante Rodelio Ricardo_Richard Roberto_Robert Rodrigo_Roderick Rosalito 
			Salvador_Salvador Samuel_Samuel Segundino_Secundinus Sergio_Sergius Simon_Simon Sudi Sulpicio 
			Teodolfo Teofisto_Theopistus Teotimo_Theotimus Tomas_Thomas 
			Vergel Vincent_Vincent Victor_Victor						
		}
		female_names = {
			Aida_Ayda Alicia_Alice Almida_Alameda Amanda_Amanda Ana_Anna Anaclita_Anacleta Andrea_Andrea Anecita_Aniceta Angela_Angela Arceli_Araceli Aurora_Aurora
			Barbara_Barbara Bianca_Blanche Blesilda Buenaventurada 
			Camilla_Camilla Carmen_Carmen Carolina_Caroline Ciara_Clara Claudia_Claudia Consejo Consolacion_Consolation Consorcia_Consortia Coronacion_Coronation Cresenciana Cristina_Christina
			Dalmacia Daniela_Daniela Diana_Diana Dionicia Diosdada
			Efrena Emelda_Irmhild Encarnacion_Incarnation Escolastica_Scholastica Esterlita_Esther Evelinda
			Florenda Flora_Flora Francesca_Frances 
			Gabriela_Gabriela Gaudiosa Gleceria_Glyceria Godofreda
			Heraclea Hermelina_Ermelind Hermogena
			Isabella_Elizabeth
			Julia_Julia Juliana_Juliana Justina_Justina
			Laura_Laura Lea_Leah Leonisa Leonor_Eleanor Lucena Lutgarda_Luitgard
			Mansueta Margareta_Margaret Maria_Mary Marina_Marina Martina_Martina Melencia Melissa_Melissa Mercedes_Mercedes Miraflor Mirasol Miranda 
			Necita Nicole_Nicole Nikki_Nicole
			Olivia_Olivia
			Patricia_Patricia Patrocenia Paula_Paula Porferia Purificacion_Purification Purisima
			Ramona_Ramona Regina_Regina Renata_Renata Renilda_Reinhild Rita_Maragret
			Sabrina Salvacion_Salvation Sarah_Sarah Segundina Sofia_Sophia 
			Tarcela Trecita_Theresa 
			Valerie_Valeria Vera_Vera Victoria_Victoria Vivencia			
		}
		from_dynasty_prefix = "of "
		
		allow_looting = yes
		seafarer = yes

		modifier = default_culture_modifier
	}
	hiligaynon = { #Typical Filipino names, add more if you wanna
		graphical_cultures = { filipinogfx southeastasiangfx indiangfx muslimgfx }
		
		color = { 0.58 0.12 0.10 }
		
		alternate_start = {
			OR = {
				year >= 1000
				has_alternate_start_parameter = { key = culture value = full_random }
			}
		}

		male_names = { 
			Aaron_Aaron Alberto_Albert Alejandro_Alexander Alonzo_Alfonso Amado_Amatus Anastacio_Anastasius Andres_Andrew Antonio_Anthony Armando_Herman Arthur_Arthur
			Benito_Benedict Bruno_Bruno 
			Camilo_Camillus Carlos_Charles Cepriano_Cyprian Cesar_Caesar Conrado_Konrad 
			Damian_Damian Daniel_Daniel David_David Diego_Diaco Dominic_Dominic 
			Eduardo_Edward Efren_Ephraim Emilio_Emil Enrique_Henry Esperidion_Spyridon Esteban_Stephen 
			Feliciano_Felcian Felipe_Phillip Fernando_Ferdinand Francisco_Francis Froilan
			Gabriel_Gabriel Geraldo_Gerald Gerardo_Gerard Gregorio_Gregory Guadencio 
			Hector_Hector Honesto_Honestus Hugo_Hugh 
			Igmedio Ignacio_Ignatius 
			Jaime_James Javier_Xavier Jorge_George Jose_Joseph Jovito Juan_John Juliano_Julian Julio_Julius 
			Leonardo_Leonard Leonido_Leonidas Licurgo Lorenzo_Lawrence Luis_Louis 
			Manuel_Emmanuel Marcelito_Marcellus Mario_Marius Marcos_Mark Mariano_Marianus Mauricio_Maurice Melencio Miguel_Michael 
			Nicolas_Nicholas Norberto_Norbert 
			Oliver_Oliver Oscar_Oscar 
			Pacito Patricio_Patrick Patrocenio Pedro_Peter Porferio_Porphyrius Proceso_Processus Protacio_Protasius
			Rafael_Raphael Raimundo_Raymond Ramon_Raymond Regalado Renato_renatus Reynaldo_Reynold Rodante Romeo_Romeo Ricardo_Richard Roberto_Robert Rodrigo_Roderick Rolando_Roland Ruperto_Robert 
			Salvador_Salvador Samuel_Samuel Sebastian_Sebastian Sergio_Sergius Simon_Simon Simplicio 
			Teodolfo Teofisto_Theopistus Timoteo_Timothy Tomas_Thomas 
			Vergel Vicente_Vincent Victor_Victor						
		}
		female_names = {
			Abigail_Abigail Aida_Ayda Alicia_Alice Almida_Alameda Amanda_Amanda Ana_Anna Anaclita_Anacleta Andrea_Andrea Anecita_Aniceta Angela_Angela Arceli_Araceli Aurora_Aurora
			Barbara_Barbara Bianca_Blanche Blesilda Buenaventurada 
			Camilla_Camilla Carmen_Carmen Carolina_Caroline Christine_Christina Ciara_Clara Claudia_Claudia Consejo Consolacion_Consolation Consorcia_Consortia Coronacion_Coronation Cresenciana
			Dalmacia Daniela_Daniela Daria_Daria Diana_Diana
			Efrena Emelda_Irmhild Encarnacion_Incarnation Escolastica_Scholastica Esterlita_Esther Evelinda
			Florenda Flora_Flora Francesca_Frances 
			Gabriela_Gabriela Gaudiosa Gleceria_Glyceria Gloria_Gloria
			Heraclea Hermelina_Ermelind Hermogena
			Irene_Irene Isabella_Elizabeth
			Julia_Julia Juliana_Juliana Justina_Justina
			Laura_Laura Lea_Leah Leonora_Eleanor Lucia_Lucia Lutgarda_Luitgard
			Magdalena_Madeline Margareta_Margaret Maria_Mary Marina_Marina Martina_Martina Melissa_Melissa Mercedes_Mercedes Mirasol Miranda Monica_Monica 
			Nicole_Nicole Nikki_Nicole
			Olivia_Olivia
			Patricia_Patricia Patrocenia Paulina_Paula
			Ramona_Ramona Regina_Regina Renata_Renata Renilda_Reinhild Rita_Maragret Rosa_Rosa
			Sabrina Salvacion_Salvation Sandra_Alexandra Sarah_Sarah Sofia_Sophia Simona_Simone 
			Tatiana_Tatiana Teresa_Theresa 
			Valerie_Valeria Vera_Vera Victoria_Victoria Viviana_Vivian			
		}
		from_dynasty_prefix = "of "
		
		allow_looting = yes
		seafarer = yes

		modifier = default_culture_modifier
	}
	cebuano = { #Typical Filipino names, add more if you wanna
		graphical_cultures = { filipinogfx southeastasiangfx indiangfx muslimgfx }
		
		color = { 0 29 255 }
		
		alternate_start = {
			OR = {
				year >= 1000
				has_alternate_start_parameter = { key = culture value = full_random }
			}
		}

		male_names = { 
			Aaron_Aaron Alberto_Albert Alejandro_Alexander Alfonso_Alphonse Anaclito_Anacletus Andres_Andrew Anecito_Anicetus Antonio_Anthony Aquino Armando_Herman
			Benito_Benedict Bruno_Bruno 
			Carlos_Charles Carmelito_Carmelo Cepriano_Cyprian Cesar_Caesar Clodualdo Condrado Cresenciano_Crescentian Crisologo_Chrysologus Crispulo_Crispulus 
			Daniel_Daniel David_David Diego_Diaco Dominador_Dominador Domingo_Dominic 
			Eduardo_Edward Efren_Ephraim Emilio_Emil Engracio Enrique_Henry Esperidion_Spyridon Esteban_Stephen 
			Felixberto Felipe_Phillip Felizardo Fernando_Ferdinand Florendo
			Gabriel_Gabriel Galicano Geraldo_Gerald Gerardo_Gerard 
			Hector_Hector Honesto_Honestus Hugo_Hugh 
			Igmedio Ignacio_Ignatius 
			Jaime_James Javier_Xavier Jorge_George Jose_Joseph Jovito Juan_John Juliano_Julian Julio_Julius 
			Leonardo_Leonard Leonido_Leonidas Leonilo Leonito_Leo Lorenzo_Lawrence Luis_Louis Lutgardo 
			Manuel_Emmanuel Marcelito_Marcellus Mario_Marius Marcos_Mark Marianito_Marianus Mauricio_Maurice Melencio Miguel_Michael 
			Nicolas_Nicholas Norberto_Norbert 
			Oliver_Oliver Orlando_Roland Oscar_Oscar 
			Pacito Patricio_Patrick Patrocenio Pedro_Peter Porferio_Porphyrius Proceso_Processus Protacio_Protasius
			Rafael_Raphael Raimundo_Raymond Ramon_Raymond Regalado Renante Reynaldo_Reynold Rodante Rodelio Ricardo_Richard Roberto_Robert Rodrigo_Roderick Rosalito 
			Salvador_Salvador Samuel_Samuel Segundino_Secundinus Sergio_Sergius Simon_Simon Sudi Sulpicio 
			Teodolfo Teofisto_Theopistus Teotimo_Theotimus Tomas_Thomas 
			Vergel Vicente_Vincent Victor_Victor						
		}
		female_names = {
			Aida_Ayda Alicia_Alice Almida_Alameda Amanda_Amanda Ana_Anna Anaclita_Anacleta Andrea_Andrea Anecita_Aniceta Angela_Angela Arceli_Araceli Aurora_Aurora
			Barbara_Barbara Bianca_Blanche Blesilda Buenaventurada 
			Camilla_Camilla Carmen_Carmen Carolina_Caroline Ciara_Clara Claudia_Claudia Consejo Consolacion_Consolation Consorcia_Consortia Coronacion_Coronation Cresenciana Cristina_Christina
			Dalmacia Daniela_Daniela Diana_Diana Dionicia Diosdada
			Efrena Emelda_Irmhild Encarnacion_Incarnation Escolastica_Scholastica Esterlita_Esther Evelinda
			Florenda Flora_Flora Francesca_Frances 
			Gabriela_Gabriela Gaudiosa Gleceria_Glyceria Godofreda
			Heraclea Hermelina_Ermelind Hermogena
			Isabella_Elizabeth
			Julia_Julia Juliana_Juliana Justina_Justina
			Laura_Laura Lea_Leah Leonisa Leonor_Eleanor Lucena Lutgarda_Luitgard
			Mansueta Margareta_Margaret Maria_Mary Marina_Marina Martina_Martina Melencia Melissa_Melissa Mercedes_Mercedes Miraflor Mirasol Miranda 
			Necita Nicole_Nicole Nikki_Nicole
			Olivia_Olivia
			Patricia_Patricia Patrocenia Paula_Paula Porferia Purificacion_Purification Purisima
			Ramona_Ramona Regina_Regina Renata_Renata Renilda_Reinhild Rita_Maragret
			Sabrina Salvacion_Salvation Sarah_Sarah Segundina Sofia_Sophia 
			Tarcela Trecita_Theresa 
			Valerie_Valeria Vera_Vera Victoria_Victoria Vivencia			
		}
		from_dynasty_prefix = "of "
		
		allow_looting = yes
		seafarer = yes

		modifier = default_culture_modifier
	}
	ilocano = { #Very Filipino names, always can add more if needed
		graphical_cultures = { filipinogfx southeastasiangfx indiangfx muslimgfx }
		
		color = { 0.32 0.83 0.41 }
		
		alternate_start = {
			OR = {
				year >= 1000
				has_alternate_start_parameter = { key = culture value = full_random }
			}
		}

		male_names = { 
			Aaron_Aaron Agani Alberto_Albert Alejandro_Alexander Alfonso_Alphonse Anaclito_Anacletus Andres_Andrew Anecito_Anicetus Antonio_Anthony Aquino Armando_Herman Ayo
			Bartolome_Bartholomew Benito_Benedict Bruno_Bruno 
			Carlos_Charles Carmelito_Carmelo Cepriano_Cyprian Cesar_Caesar Clodualdo Condrado Cresenciano_Crescentian Crisologo_Chrysologus Crispulo_Crispulus 
			Daniel_Daniel David_David Diego_Diaco Dominador_Dominador Domingo_Dominic 
			Eduardo_Edward Efren_Ephraim Emilio_Emil Engracio Enrique_Henry Esperidion_Spyridon Esteban_Stephen 
			Felixberto Felipe_Phillip Felizardo Ferdinand_Ferdinand Fernando_Ferdinand Florendo
			Gabriel_Gabriel Galicano Geraldo_Gerald Gerardo_Gerard 
			Hector_Hector Honesto_Honestus Hugo_Hugh 
			Igmedio Ignacio_Ignatius 
			Jaime_James Javier_Xavier Jorge_George Jose_Joseph Jovito Juan_John Juliano_Julian Julio_Julius 
			Leonardo_Leonard Leonido_Leonidas Leonilo Leonito_Leo Lorenzo_Lawrence Luis_Louis Lutgardo 
			Manuel_Emmanuel Marcelito_Marcellus Mario_Marius Marcos_Mark Marianito_Marianus Mauricio_Maurice Melencio Miguel_Michael 
			Nasudi Nicolas_Nicholas Norberto_Norbert 
			Oliver_Oliver Orlando_Roland Oscar_Oscar 
			Pacito Patricio_Patrick Patrocenio Pedro_Peter Porferio_Porphyrius Proceso_Processus Protacio_Protasius
			Rafael_Raphael Raimundo_Raymond Ramon_Raymond Regalado Renante Reynaldo_Reynold Rodante Rodelio Ricardo_Richard Roberto_Robert Rodrigo_Roderick Rosalito 
			Salvador_Salvador Samuel_Samuel Santiago_Diaco Segundino_Secundinus Sergio_Sergius Simon_Simon Sudi Sulpicio 
			Taraki Teodolfo Teofisto_Theopistus Teotimo_Theotimus Tomas_Thomas 
			Vergel Vicente_Vincent Victor_Victor						
		}
		female_names = {
			Aida_Ayda Alicia_Alice Almida_Alameda Amanda_Amanda Ana_Anna Anaclita_Anacleta Andrea_Andrea Anecita_Aniceta Angela_Angela Arceli_Araceli Aurora_Aurora
			Barbara_Barbara Bianca_Blanche Blesilda Buenaventurada 
			Camilla_Camilla Carmen_Carmen Carolina_Caroline Ciara_Clara Claudia_Claudia Consejo Consolacion_Consolation Consorcia_Consortia Coronacion_Coronation Cresenciana Cristina_Christina
			Dalmacia Daniela_Daniela Diana_Diana Dionicia Diosdada
			Efrena Emelda_Irmhild Encarnacion_Incarnation Escolastica_Scholastica Esterlita_Esther Eva_Eve Evelinda
			Florenda Flora_Flora Francesca_Frances 
			Gabriela_Gabriela Gaudiosa Gleceria_Glyceria Gloria_Gloria Godofreda
			Heraclea Hermelina_Ermelind Hermogena
			Isabella_Elizabeth
			Julia_Julia Juliana_Juliana Justina_Justina
			Laura_Laura Lea_Leah Leonisa Leonor_Eleanor Lucena Lutgarda_Luitgard
			Magdalena_Madeline Mansueta Margareta_Margaret Maria_Mary Marina_Marina Martina_Martina Melencia Melissa_Melissa Mercedes_Mercedes Miraflor Mirasol Miranda 
			Necita Nicole_Nicole Nikki_Nicole
			Olivia_Olivia
			Patricia_Patricia Patrocenia Paula_Paula Porferia Purificacion_Purification Purisima
			Ramona_Ramona Regina_Regina Renata_Renata Renilda_Reinhild Rita_Maragret
			Sabrina Salvacion_Salvation Sarah_Sarah Segundina Sofia_Sophia 
			Tarcela Trecita_Theresa 
			Valerie_Valeria Vera_Vera Victoria_Victoria Vivencia			
		}
		from_dynasty_prefix = "of "
		
		allow_looting = yes
		seafarer = yes
		
		modifier = default_culture_modifier
	}
	bicol = { #Typical Filipino names, add more if you wanna
		graphical_cultures = { filipinogfx southeastasiangfx indiangfx muslimgfx }
		
		color = { 0.49 0.76 0.49 }
		
		alternate_start = {
			OR = {
				year >= 1000
				has_alternate_start_parameter = { key = culture value = full_random }
			}
		}

		male_names = { 
			Aaron_Aaron Alberto_Albert Alejandro_Alexander Alfonso_Alphonse Anaclito_Anacletus Andres_Andrew Anecito_Anicetus Antonio_Anthony Aquino Armando_Herman
			Benito_Benedict Bruno_Bruno 
			Carlos_Charles Carmelito_Carmelo Cepriano_Cyprian Cesar_Caesar Clodualdo Condrado Cresenciano_Crescentian Crisologo_Chrysologus Crispulo_Crispulus 
			Daniel_Daniel David_David Diego_Diaco Dominador_Dominador Domingo_Dominic 
			Eduardo_Edward Efren_Ephraim Emilio_Emil Engracio Enrique_Henry Esperidion_Spyridon Esteban_Stephen 
			Federico_Frederick Felixberto Felipe_Phillip Felizardo Fernando_Ferdinand Florendo
			Gabriel_Gabriel Galicano Geraldo_Gerald Gerardo_Gerard 
			Hector_Hector Honesto_Honestus Hugo_Hugh 
			Igmedio Ignacio_Ignatius 
			Jaime_James Javier_Xavier Joaquin_Joachim Jorge_George Jose_Joseph Jovito Juan_John Juliano_Julian Julio_Julius 
			Leonardo_Leonard Leonido_Leonidas Leonilo Leonito_Leo Lorenzo_Lawrence Luis_Louis Lutgardo 
			Manuel_Emmanuel Marcelito_Marcellus Mario_Marius Mark_Mark Marianito_Marianus Mauricio_Maurice Melencio Miguel_Michael 
			Nicolas_Nicholas Norberto_Norbert 
			Oliver_Oliver Orlando_Roland Oscar_Oscar 
			Pacito Patricio_Patrick Patrocenio Pedro_Peter Porferio_Porphyrius Proceso_Processus Protacio_Protasius
			Rafael_Raphael Raimundo_Raymond Ramon_Raymond Regalado Renante Reynaldo_Reynold Rodante Rodelio Ricardo_Richard Roberto_Robert Rodrigo_Roderick Rosalito 
			Salvador_Salvador Samuel_Samuel Segundino_Secundinus Sergio_Sergius Simon_Simon Sudi Sulpicio 
			Teodolfo Teofisto_Theopistus Teotimo_Theotimus Tomas_Thomas 
			Vergel Vicente_Vincent Victor_Victor						
		}
		female_names = {
			Aida_Ayda Alicia_Alice Almida_Alameda Amanda_Amanda Ana_Anna Anaclita_Anacleta Andrea_Andrea Anecita_Aniceta Angela_Angela Arceli_Araceli Aurora_Aurora
			Barbara_Barbara Bianca_Blanche Blesilda Buenaventurada 
			Camilla_Camilla Carmen_Carmen Carolina_Caroline Ciara_Clara Claudia_Claudia Consejo Consolacion_Consolation Consorcia_Consortia Coronacion_Coronation Cresenciana Cristina_Christina
			Dalmacia Daniela_Daniela Diana_Diana Dionicia Diosdada
			Efrena Emelda_Irmhild Encarnacion_Incarnation Escolastica_Scholastica Esterlita_Esther Evelinda
			Florenda Flora_Flora Francesca_Frances 
			Gabriela_Gabriela Gaudiosa Gleceria_Glyceria Godofreda
			Heraclea Hermelina_Ermelind Hermogena
			Isabella_Elizabeth
			Julia_Julia Juliana_Juliana Justina_Justina
			Katerine_Catherine
			Laura_Laura Lea_Leah Leonisa Leonor_Eleanor Lucena Lutgarda_Luitgard
			Mansueta Margareta_Margaret Maria_Mary Marina_Marina Martina_Martina Melencia Melissa_Melissa Mercedes_Mercedes Miraflor Mirasol Miranda 
			Necita Nicole_Nicole Nikki_Nicole
			Olivia_Olivia
			Patricia_Patricia Patrocenia Paula_Paula Porferia Purificacion_Purification Purisima
			Ramona_Ramona Regina_Regina Renata_Renata Renilda_Reinhild Rita_Maragret
			Sabrina Salvacion_Salvation Sarah_Sarah Segundina Sofia_Sophia 
			Tarcela Trecita_Theresa 
			Valerie_Valeria Vera_Vera Victoria_Victoria Vivencia			
		}
		from_dynasty_prefix = "of "
		
		allow_looting = yes
		seafarer = yes

		modifier = default_culture_modifier
	}
	cuyanyo = { #Typical Filipino names, add more if you wanna
		graphical_cultures = { filipinogfx southeastasiangfx indiangfx muslimgfx }
		
		color = { 0.93 0.45 0.65 }
		
		alternate_start = {
			OR = {
				year >= 1000
				has_alternate_start_parameter = { key = culture value = full_random }
			}
		}

		male_names = { 
			Aaron_Aaron Alberto_Albert Alejandro_Alexander Alfonso_Alphonse Anaclito_Anacletus Andres_Andrew Anecito_Anicetus Antonio_Anthony Aquino Armando_Herman
			Benito_Benedict Bruno_Bruno 
			Carlos_Charles Carmelito_Carmelo Cepriano_Cyprian Cesar_Caesar Clodualdo Condrado Cresenciano_Crescentian Crisologo_Chrysologus Crispulo_Crispulus 
			Daniel_Daniel David_David Diego_Diaco Dominador_Dominador Domingo_Dominic 
			Eduardo_Edward Efren_Ephraim Emilio_Emil Engracio Enrique_Henry Esperidion_Spyridon Esteban_Stephen 
			Felixberto Felipe_Phillip Felizardo Fernando_Ferdinand Florendo
			Gabriel_Gabriel Galicano Geraldo_Gerald Gerardo_Gerard 
			Hector_Hector Honesto_Honestus Hugo_Hugh 
			Igmedio Ignacio_Ignatius 
			Jaime_James Javier_Xavier Jorge_George Jose_Joseph Jovito Juan_John Juliano_Julian Julio_Julius 
			Leonardo_Leonard Leonido_Leonidas Leonilo Leonito_Leo Lorenzo_Lawrence Luis_Louis Lutgardo 
			Manuel_Emmanuel Marcelito_Marcellus Mario_Marius Marcos_Mark Mariano_Marianus Mauricio_Maurice Melencio Miguel_Michael 
			Nicolas_Nicholas Norberto_Norbert 
			Oliver_Oliver Orlando_Roland Oscar_Oscar 
			Pacito Paolo_Paul Patricio_Patrick Patrocenio Pedro_Peter Porferio_Porphyrius Proceso_Processus Protacio_Protasius
			Rafael_Raphael Raimundo_Raymond Ramon_Raymond Regalado Renante Reynaldo_Reynold Rodante Rodelio Ricardo_Richard Roberto_Robert Rodrigo_Roderick Rosalito 
			Salvador_Salvador Samuel_Samuel Santiago_Diaco Segundino_Secundinus Sergio_Sergius Simon_Simon Sudi Sulpicio 
			Teodolfo Teofisto_Theopistus Teotimo_Theotimus Tomas_Thomas 
			Vergel Vicente_Vincent Victor_Victor						
		}
		female_names = {
			Aida_Ayda Alicia_Alice Almida_Alameda Amanda_Amanda Ana_Anna Anaclita_Anacleta Andrea_Andrea Anecita_Aniceta Angela_Angela Arceli_Araceli Aurora_Aurora
			Barbara_Barbara Bianca_Blanche Blesilda Buenaventurada 
			Camilla_Camilla Carmen_Carmen Carolina_Caroline Ciara_Clara Claudia_Claudia Consejo Consolacion_Consolation Consorcia_Consortia Coronacion_Coronation Cresenciana Cristina_Christina
			Dalmacia Daniela_Daniela Diana_Diana Dionicia Diosdada
			Efrena Emelda_Irmhild Encarnacion_Incarnation Escolastica_Scholastica Esterlita_Esther Evelinda
			Florenda Flora_Flora Francesca_Frances 
			Gabriela_Gabriela Gaudiosa Gleceria_Glyceria Godofreda
			Heraclea Hermelina_Ermelind Hermogena
			Isabella_Elizabeth
			Julia_Julia Juliana_Juliana Justina_Justina
			Laura_Laura Lea_Leah Leonisa Leonor_Eleanor Lucia_Lucia Lutgarda_Luitgard
			Mansueta Margareta_Margaret Maria_Mary Marina_Marina Martina_Martina Melencia Melissa_Melissa Mercedes_Mercedes Miraflor Mirasol Miranda 
			Necita Nicole_Nicole Nikki_Nicole
			Olivia_Olivia
			Patricia_Patricia Patrocenia Paula_Paula Porferia Purificacion_Purification Purisima
			Ramona_Ramona Regina_Regina Renata_Renata Renilda_Reinhild Rita_Maragret
			Sabrina Salvacion_Salvation Sarah_Sarah Segundina Sofia_Sophia 
			Tarcela Trecita_Theresa 
			Valerie_Valeria Vera_Vera Victoria_Victoria Vivencia			
		}
		from_dynasty_prefix = "of "
		
		allow_looting = yes
		seafarer = yes

		modifier = default_culture_modifier
	}
	tausug = { #Muslim Filipinos
		graphical_cultures = { malaygfx southeastasiangfx indiangfx muslimgfx }
		
		color = { 0.95 0.30 0.65 }
		
		male_names = {
			Abbas_Abbas Abdulcader_Abdulqadir Abdelcarim_Abdalkarim Abdulgapor_Abdulgafur Abdulmalic_Abdulmalik Abdurahman_Abdalrahman Abdusakur Adel_Adil Abdul_Abdul Abdulla_Abdullah Abdurajak_Abdulrazzaq Abubacar_Abubakr Acmad_Ahmad Adzhar_Azhar Adzman_Azman Aladin_Alaeddin Aldimar Alih_Ali Amer_Amir Amil_Amil Anwar_Anwar Aziz_Aziz 
			Badrudin Basher_Bashir
			Datuali Daud_David
			Ebrahim_Abraham Edris_Idris Elyas_Elijah Emran_Imran Esmael_Ishmael
			Fahad_Fahd Farid_Farid Faruk_Faruq 
			Hadji_Hajj Halid_Khalid Haron_Aaron Hasan_Hasan Husain_Hussayn
			Juhar 
			Kaharudin Kamarudin Kasim_Qasim
			Latip_Latif Lucman_Luqman
			Macmod_Mahmud Mansor_Mansur Misuari Mohaimen_Muhaimin Mohamad_Muhammad Mubarak_Mubarak Muedzul Murad_Murad Musa_Moses Mustapha_Mustafa Muzaffar_Muzaffar 
			Najib_Najib Nasrodin Nuh_Noah 
			Omar_Umar
			Ramadan_Ramadan Rashid_Rashid 
			Said_Said Saidali Saidamin Salahudin_Saladin Salipada Salleh_Salih Samer_Samir Shafie_Shafi Sheikh_Sheikh Solaiman_Solomon 
			Talib_Talib 
			Usman_Uthman 
			Yunos_Jonah Yusuf_Joseph 
			Zacaria_Zachary Zainodin
		}
		female_names = {
			Aisa_Aisha Almirah Amera_Amira Aziza_Aziza
			Darhata
			Fairodz_Fayruz Farida_Farida Farah_Farah Fatima_Fatima 
			Hadiguia_Khadija Halima_Halima
			Isra
			Jamila_Jamila
			Kadiguia_Khadija Karima_Karima
			Latipa_Latifa 
			Maimona_Maimuna Malika_Malika Meriam_Mary Monera_Munira
			Naima_Naima Nhora_Nura Noraida_Nuraida Norain_Nurain Noraisa_Nuraisah Norhaina Norhuda_Nurhuda Norjana_Nurjannah
			Rahima_Rahima Rashida_Rashida Rasmia
			Saida_Saida Santanina Sapia_Safiyyah Saripa_Sharifa Suraida_Zoraida
			Yasmin_Jasmine
			Zahara_Zahra Zainab_Zaynab Zulaika_Zuleika
		}
		from_dynasty_prefix = "of "
		
		allow_looting = yes
		seafarer = yes
		
		#dynasty_title_names = yes
		
		modifier = default_culture_modifier
	}
	yakan = { #Muslim Filipinos
		graphical_cultures = { malaygfx southeastasiangfx indiangfx muslimgfx }
		
		color = { 139 15 255 }
		
		male_names = {
			Abbas_Abbas Abdulcader_Abdulqadir Abdelcarim_Abdalkarim Abdulgapor_Abdulgafur Abdulmalic_Abdulmalik Abdurahman_Abdalrahman Abdusakur Adel_Adil Abdul_Abdul Abdulla_Abdullah Abdurajak_Abdulrazzaq Abubacar_Abubakr Acmad_Ahmad Adzhar_Azhar Adzman_Azman Aladin_Alaeddin Aldimar Alih_Ali Amer_Amir Amil_Amil Anwar_Anwar Aziz_Aziz 
			Badrudin Basher_Bashir
			Datuali Daud_David
			Ebrahim_Abraham Edris_Idris Elyas_Elijah Emran_Imran Esmael_Ishmael
			Fahad_Fahd Farid_Farid Faruk_Faruq 
			Hadji_Hajj Halid_Khalid Haron_Aaron Hasan_Hasan Husain_Hussayn
			Jamal_Jamal Juhar 
			Kaharudin Kamarudin Kasim_Qasim
			Latip_Latif Lucman_Luqman
			Macmod_Mahmud Mansor_Mansur Misuari Mohaimen_Muhaimin Mohamad_Muhammad Muamar Mubarak_Mubarak Muedzul Murad_Murad Musa_Moses Mustapha_Mustafa Muzaffar_Muzaffar 
			Najib_Najib Nasrodin Nuh_Noah 
			Omar_Umar
			Ramadan_Ramadan Rashid_Rashid 
			Said_Said Saidali Saidamin Salahudin_Saladin Salipada Salleh_Salih Samer_Samir Shafie_Shafi Sheikh_Sheikh Solaiman_Solomon 
			Talib_Talib Taric_Tariq 
			Usman_Uthman 
			Yunus_Jonah Yusuf_Joseph 
			Zacaria_Zachary Zain_Zain
		}
		female_names = {
			Aisa_Aisha Almirah Amera_Amira Aziza_Aziza
			Darhata
			Fairodz_Fayruz Farida_Farida Farah_Farah Fatima_Fatima 
			Hadiguia_Khadija Halima_Halima
			Isra
			Jamila_Jamila
			Kadiguia_Khadija Karima_Karima
			Latipa_Latifa 
			Maimona_Maimuna Malika_Malika Meriam_Mary Monera_Munira
			Naima_Naima Nhora_Nura Noraida_Nuraida Norain_Nurain Noraisa_Nuraisah Norhaina Norhuda_Nurhuda Norjana_Nurjannah
			Rahima_Rahima Rashida_Rashida Rasmia
			Saida_Saida Santanina Sapia_Safiyyah Saripa_Sharifa Suraida_Zoraida
			Yasmin_Jasmine
			Zahara_Zahra Zainab_Zaynab Zulaika_Zuleika
		}
		from_dynasty_prefix = "of "
		
		allow_looting = yes
		seafarer = yes
		
		#dynasty_title_names = yes
		
		modifier = default_culture_modifier
	}
}