bali_sumbawa = {
	alternate_start = {
		NOR = {
			has_alternate_start_parameter = { key = special_culture value = animal_world }
			has_alternate_start_parameter = { key = special_culture value = alien_world }
			has_alternate_start_parameter = { key = special_culture value = animal_alien_world }
		}
	}
	graphical_cultures = { bodpagfx mongolgfx indiangfx muslimgfx }
	
	madura = {
		graphical_cultures = { indonesiangfx malaygfx indiangfx muslimgfx }
		secondary_event_pictures = bedouin_arabic
		
		color = { 152 178 227 }
		male_names = {
			Abas_Abbas Abdul-Aziz_Abdulaziz Abdul-Djafar_Abduljafar Abdul-Hamid_Abdulhamid Abdul-Jalil_Abduljalil Abdul-Majid_Abdulmajid Abdul-Rahman_Abdalrahman Abdullah_Abdullah Abubakar_Abubakr Ahmad_Ahmad Adam_Adam Adnan_Adnan Akmal_Akmal Alam_Alam Alauddin_Alaeddin Alexander_Alexander Ali_Ali Amar_Amar Amrullah_Amrullah Andak Antah Aqil_Aqil Akre Askhala Awi Arifin_Arifin Ashraf_Ashraf Ataullah_Ataullah Azlan_Aslan Adhiarja Angga Abyasa A
			Badri_Badri Badrul Basyir_Bashir Borhan_Burhan Brasen Burhanuddin_Burhanuddin Budiono Budiman Batman Baskoro B
			Cordosega Cakri Cahya C 
			Dahlan Darwish_Dervish Daud_David Demang Dude Dzulqarnain Dewa D
			Edward_Edward Elyas_Elijah Emran_Imran Elang Emran_Imran E
			Fadlan_Fadlan Fadzil_Fadl Faisal_Faysal Faizuddin Fariq_Fariq Fransiskus_Francis Fauzan F
			Gautama George_George Gerard_Gerard Ghiatuddin_Ghiyasuddin Giovanni_John Glenn Gaung Ganesha G
			Hafidz_Hafiz Hakiem_Hakim Halim_Halim Hamzah_Hamza Haron_Aaron Harris_Harith Hashim_Hashim Hassan_Hasan Haziq_Haziq Hussain_Hussayn H
			Ibrahim_Abraham Idrus_Idris Ikhsan_Ihsan Ishak_Isaac Iskandar_Alexander Ismail_Ishmael Izzuddin I
			Jaafar_Jafar Jamaluddin Jamil_Jamil Jasin_Yasin Jati Jonathan_Jonathan Julius_Julius Justin_Justin Joko Joyo Jiwa J
			Kadir_Qadir Kamaluddin Kamaruzaman Karim_Karim Kasim_Qasim Kevin_Kevin Khalil_Khalil Kumandang Kusno Kusuma Kuwat K
			Lambertus_Lambert Lucas_Luke Lani L
			Mahmud_Mahmud Mansur_Mansur Marcel_Marcellus Martin_Martin Mazlan_Aslan Michael_Michael Mohamad_Muhammad Muhammad_Muhammad Muhriz Muhyiddin Mukarram Munawir Musa_Moses Muzaffar_Muzaffar Muzzil Madripa M
			Najwan Naquiyuddin Nasrullah Naufal_Nawfal Nazrin Nicholas_Nicholas Noh_Noah N 
			Oliver_Oliver Osman_Uthman O
			Pendekar Pierre_Peter Putra P
			Raden Raffi_Rafi Rashid_Rashid Ramdzan_Ramadan Rayyan_Rayyan Reuben_Reuben Riayatuddin Richard_Richard Ridhuan_Ridwan Rio Robert_Robert Roland_Roland Ryuji Ragga Rubal Rowo R
			Said_Said Safruddin Sahril Sahruddin Salahuddin_Saladin Sami_Sami Samee_Sami Salleh_Salih Samsuddin Samsul_Shamsul Saifullah_Saifullah Sirajuddin Smith Sulaiman_Solomon Syarif_Sharif Sarip_Sharif Sukarno_Sukarno Suharto_Suharto Suparman_Suparman Sugijo_Sugijo Suprano_Suprano Sakti_Sakti Suhara_Suhara Sam S
			Taib_Tayyib Tajuddin Tahir_Tahir Taufik_Tawfiq Tuah Talenta T
			Umar_Umar U
			Victor_Victor Vincent_Vincent Vikal V
			William_William Wishnu_Vishnu Waris Wira Wiraman W
			Yahya_John Yesus_Jesus Yunus_Jonah Yusniarsyah Yusransyah Yusuf_Joseph Yuda Y
			Zainal-Abidin Zainal-Arifin Zarif Zikri Ziyad Z
		}
		female_names = {
			Aayizah	Afzan Aisyah_Aisha Alexia_Alexia Alya Amanda_Amanda Amara Aminah_Amina Andrea_Andrea Arianna Arissa Asma Astrid_Astrid Atbah Auliya Aura Azizah_Aziza Aditi A
			Badariah Bahiyah Bariah Budriah Bhagawati B
			Caitlin_Caitlin Clarashinta Christine_Christina Cut Cinta C
			Dhia Duma Devi Diana_Diana D
			Elizabeth_Elizabeth Elvira_Elvira Eva_Eve Ella_Elizabeth E
			Fatima_Fatima Fauziah Fazira Francesca_Frances Frederika_Frederique Freya Fauzana Farah F
			Gista Ganga G
			Hairiah Hannah_Hannah Hasmah Helena_Helen Helsi Humaira Herrawati H
			Ilisha Ilma Iman Imelda Indaryani Intan Isabel_Elizabeth I
			Jennifer_Jennifer Juanda Jihan Johana_Jane Josephine_Josephine Jovita Joyce Juliana_Juliana Julie_Julia Jiwa J
			Kartika Keisha Kerenina Kiki Kirana Kylie K
			Lusyanah Lanah Leah_Leah L
			Maimunah Maliha Maria_Mary Marina_Marina Marissa Maryam_Mary Maya Muazah Muzwin Marpuah Marpaza M
			Nadhirah Nadine_Nadezhda Najihah Najwan Noor Norashikin Nuha Nurhidayah Nurr Nurul N
			Octavia_Octavia Orked O
			Paulina_Paula Putri_Putri Petri_Putri P
			Rachel_Rachel Rafidah Raisya Rensina Rohana Ros Rosdiah Rozita Ruggyah R 
			Safya Sakinah Saloma Sandra_Alexandra Sara_Sarah Shenina Siti Soraya Saripah_Syarifa S
			Tatjana_Tatiana Talenta Taman T
			Unique U
			Yufida Y
			Vanessa_Vanessa V
			Wanda Wati Wani W
			Zahirah Zahra Zainab_Zaynab Zalila Zanariah Zara Zarith Zaskia Zatashah Zerafina Zubaidah Z
		}
		from_dynasty_prefix = "dari "
		male_patronym = "putra"
		female_patronym = "putri"		
		
		allow_looting = yes
		seafarer = yes
			
		modifier = default_culture_modifier
	}
	samawa = {
		graphical_cultures = { indonesiangfx malaygfx indiangfx muslimgfx }
		secondary_event_pictures = bedouin_arabic
		
		color = { 88 140 171 }
	
		male_names = {
			Abdul_Abdul Adika Agung Ahmad_Ahmad Ajun Amadeus_Amadeus Anang Anton_Anthony Ardit Arnold_Arnold Aspar
			Bakti Balik Bambang Basuki Batara Berkah Budi Budiman Bulan 
			Cokorda
			Dachlan Darma Daud_David Dewa Drajat Dumadi 
			Elang Empati 
			Gautama Gede George_George Gesang Gunadi Gusti
			Hayam
			Intan Irwan Iskandar_Alexander Ismail_Ishmael
			Jaweng Jero John_John Joyo 
			Kabul Kadek Kelambu Kersen Ketut Komang Kulon 
			Made Manit Martono Minggit Muhammad_Muhammad 
			Nengah Ngakan Ngurah Nyoman 
			Pande Panuta Perdana Phillip_Phillip Pramana Pratam Putu
			Raden Raime Ramelan Rasjam Rejap Renandi Rimbo Robert_Robert Rusmadi Ryan_Ryan 
			Sang Santoso Satrio Sedomon Setiawan Smith Sugeng Susilo Syazwan 
			Tatang Tjokorda 
			Ungkok Untang
			Victor_Victor Vikal Vincent_Vincent
			Wayan William_William Wishnu_Vishnu
			Yesus_Jesus
			Zakaria_Zachary
		}
		female_names = {
			Achintya Adiratna Alexia_Alexia Alya Andrea_Andrea Angela_Angela Angkasa Anindya Anna_Anna Ayu
			Budiwati Bulan Bunga 
			Chelsea_Chelsea Cinta Cut
			Desak Devi Diah Diana_Diana 
			Elok Endah 
			Fatima_Fatima
			Gemi Gresya Guritno
			Indah Ines_Agnes Inten 
			Jayachandra
			Kemuning Kinaryo
			Laura_Laura Legi Lestari Luh Luna
			Marshanda Maryam_Mary Mega Melati Mentari Merpati Mlathi Murni Mustika
			Ndari Ningrat Ningrum Ningsih 
			Oza 
			Paola_Paula Parwati Permata Pertiwi Prisia Puspita Putri
			Rara Ratih Ratu Reisa Roro-Kidul
			Sarwendah Setiawati Siti Susanty Susil
			Taman Tika Toto 
			Utama 
			Vindy 
			Wangi Wening Wilda Wulan 
			Yuki
		}
		from_dynasty_prefix = "dari "
		allow_looting = yes
		seafarer = yes
			
		modifier = default_culture_modifier
	}
	sasak = {
		graphical_cultures = { indonesiangfx malaygfx indiangfx muslimgfx }
		secondary_event_pictures = bedouin_arabic
		
		color = { 98 160 171 }
	
		male_names = {
			Abdul_Abdul Adika Agung Ahmad_Ahmad Ajun Albert_Albert Amadeus_Amadeus Anang Anton_Anthony Ardit Arnold_Arnold Arthur_Arthur Aspar Awi "Agung Gede"
			Bakti Balik Bambang Basuki Batara Berkah Budi Budiman Bulan Bagus 
			Cokorda Cornelius_Cornelius Cakri 
			Dachlan Darma Daud_David Dewa Drajat Dumadi  
			Elang Empati
			Felix_Felix Francis_Francis Frederik_Frederick
			Gautama Gede George_George Gesang Gilbert_Gilbert Gunadi Gusti "Gusti Gede"
			Harun_Aaron Haudi Henry_Henry
			Intan Irwan Iskandar_Alexander Ismail_Ishmael "I Gusti" "I Agung" "I Tjokorda"
			Jacob_Jacob Jaweng Jero John_John Jonathan_Jonathan Joyo 
			Kabul Kadek Kelambu Kersen Ketut Komang Kulon Kresna
			Leonard_Leonard
			Made Manit Martono Michael_Michael Minggit Muhammad_Muhammad 
			Nengah Ngakan Ngurah Nyoman 
			Pande Panuta Perdana Petrus_Peter Phillip_Phillip Pramana Pratam Putu 
			Rajendra Raime Ramelan Rasjam Rejap Renandi Ricardo_Richard Rimbo Robert_Robert Rusmadi Ryan_Ryan Raka
			Sang Santoso Satrio Sedomon Setiawan Simon_Simon Smith Stefan_Stephen Sugeng Susilo Syazwan 
			Tatang Theodore_Theodore Tjokorda "Tjokorda Gede"
			Ungkok Untang
			Victor_Victor Vikal Vincent_Vincent
			Wayan William_William Wishnu_Vishnu
			Yesus_Jesus Yusuf_Joseph
			Zakaria_Zachary
		}
		female_names = {
			Achintya Adiratna Alexia_Alexia Alice_Alice Alya Andrea_Andrea Angela_Angela Angkasa Anindya Anna_Anna Ayu
			Bianca_Blanche Budiwati Bulan Bunga 
			Caroline_Caroline Chelsea_Chelsea Cinta Cut
			Desak Devi Diah Diana_Diana 
			Elok Endah Eva_Eve
			Fatima_Fatima Fauzana 
			Gemi Gresya Guritno
			Hannah_Hannah Helena_Helen
			Indah Ines_Agnes Inten Isabel_Elizabeth
			Jayachandra Jennifer_Jennifer Juanda
			Kemuning Kinaryo
			Laura_Laura Leah_Leah Lestari Luna
			Marshanda Maryam_Mary Mega Melati Mentari Merpati Mlathi Monica_Monica Murni Mustika Madripa 
			Ndari Nicole_Nicole Ningrat Ningrum Ningsih "Ni Agung" "Ni Tjokorda" "Ni Gusti" Ndani "Ni Agung Gede" "Ni Tjokodra Gede" "Ni Gusti Gede"
			Oza 
			Paola_Paula Parwati Permata Pertiwi Prisia Puspita Putri
			Rara Ratih Ratu Reisa Roberta_Roberta Roro-Kidul
			Sandra_Alexandra Sara_Sarah Sarwendah Setiawati Siti Susanty Susil
			Taman Tika Toto 
			Utama 
			Vindy 
			Wangi Wening Wilda Wulan 
			Yasmin_Jasmine Yuki
			Zoe_Zoe
		}
		from_dynasty_prefix = "dari "
		
		allow_looting = yes
		seafarer = yes
			
		modifier = default_culture_modifier
	}
	bali = { #Balinese people
		graphical_cultures = { indonesiangfx malaygfx indiangfx muslimgfx }
		secondary_event_pictures = bedouin_arabic
		
		color = { 98 130 191 }
	
		male_names = {
			Abdul_Abdul Adika Agung Ahmad_Ahmad Ajun Albert_Albert Amadeus_Amadeus Anang Anton_Anthony Ardit Arnold_Arnold Arthur_Arthur Aspar Awi "Agung Gede"
			Bakti Balik Bambang Basuki Batara Berkah Budi Budiman Bulan Bagus 
			Cokorda Cornelius_Cornelius Cakri 
			Dachlan Darma Daud_David Dewa Drajat Dumadi  
			Elang Empati
			Felix_Felix Francis_Francis Frederik_Frederick
			Gautama Gede George_George Gesang Gilbert_Gilbert Gunadi Gusti "Gusti Gede"
			Harun_Aaron Haudi Henry_Henry
			Intan Irwan Iskandar_Alexander Ismail_Ishmael "I Gusti" "I Agung" "I Tjokorda"
			Jacob_Jacob Jaweng Jero John_John Jonathan_Jonathan Joyo 
			Kabul Kadek Kelambu Kersen Ketut Komang Kulon Kresna
			Leonard_Leonard
			Made Manit Martono Michael_Michael Minggit Muhammad_Muhammad 
			Nengah Ngakan Ngurah Nyoman 
			Pande Panuta Perdana Petrus_Peter Phillip_Phillip Pramana Pratam Putu 
			Rajendra Raime Ramelan Rasjam Rejap Renandi Ricardo_Richard Rimbo Robert_Robert Rusmadi Ryan_Ryan Raka
			Sang Santoso Satrio Sedomon Setiawan Simon_Simon Smith Stefan_Stephen Sugeng Susilo Syazwan 
			Tatang Theodore_Theodore Tjokorda "Tjokorda Gede"
			Ungkok Untang
			Victor_Victor Vikal Vincent_Vincent
			Wayan William_William Wishnu_Vishnu
			Yesus_Jesus Yusuf_Joseph
			Zakaria_Zachary
		}
		female_names = {
			Achintya Adiratna Alexia_Alexia Alice_Alice Alya Andrea_Andrea Angela_Angela Angkasa Anindya Anna_Anna Ayu
			Bianca_Blanche Budiwati Bulan Bunga 
			Caroline_Caroline Chelsea_Chelsea Cinta Cut
			Desak Devi Diah Diana_Diana 
			Elok Endah Eva_Eve
			Fatima_Fatima Fauzana 
			Gemi Gresya Guritno
			Hannah_Hannah Helena_Helen
			Indah Ines_Agnes Inten Isabel_Elizabeth
			Jayachandra Jennifer_Jennifer Juanda
			Kemuning Kinaryo
			Laura_Laura Leah_Leah Lestari Luna
			Marshanda Maryam_Mary Mega Melati Mentari Merpati Mlathi Monica_Monica Murni Mustika Madripa 
			Ndari Nicole_Nicole Ningrat Ningrum Ningsih "Ni Agung" "Ni Tjokorda" "Ni Gusti" Ndani "Ni Agung Gede" "Ni Tjokodra Gede" "Ni Gusti Gede"
			Oza 
			Paola_Paula Parwati Permata Pertiwi Prisia Puspita Putri
			Rara Ratih Ratu Reisa Roberta_Roberta Roro-Kidul
			Sandra_Alexandra Sara_Sarah Sarwendah Setiawati Siti Susanty Susil
			Taman Tika Toto 
			Utama 
			Vindy 
			Wangi Wening Wilda Wulan 
			Yasmin_Jasmine Yuki
			Zoe_Zoe
		}
		from_dynasty_prefix = "dari "
		
		allow_looting = yes
		seafarer = yes
			
		modifier = default_culture_modifier
	}
	high_bali = { #Balinese but High
		graphical_cultures = { indonesiangfx malaygfx indiangfx muslimgfx }
		secondary_event_pictures = bedouin_arabic
		
		color = { 100 132 193 }
	
		male_names = {
			Adika Agung Ajun Anang Antah Ardit Aspar Achyut Ashvit Asep Awi "Agung Gede" Agasti Aja Amsula Agus Agung Alang Alam_Alam Adhiarja Astasura Abyasa Agum Ajip
			Bakti Balik Bambang Basuki Batara Budi Budiman Bulan Bagus Batu Baskoro Bima Buana Bumi Bangga Bagja
			Cokorda Cakri Cakrawala Chandra Cahya
			Darma Darmadewa Dewa Drajat Dumadi Darmavarman Darmawangsa Dalang Demang Daranindra Dapunta
			Elang Empati Embong
			Gautama Gede Gesang Gunadi Gusti Gana "Gusti Gede" Gajah "Gajah Mada" Ganteng
			Haudi Hamengku Hayam Helang Hyang
			Intan Irwan "I Gusti" "I Agung" "I Tjokorda" Indra Indravarman Indradewa Ismaya Indrajayasinha
			Jaweng Jero Jayachandra Jayavarman Joyo Jaya Janasadu Jayasakti Jebat
			Kadek Kelambu Kersen Ketut Komang Kulon Kresna Kawi Kuwat Kusuma Kartik Kusno
			Lela Lani Lakshman Lawan Lakshyan Lakshanya Lakshrasja Lekir
			Made Manit Maman Martono Minggit Merah Madripa Macan Manikam Mada Mahadewa Mahagung
			Nengah Ngakan Ngurah Nyoman Nila 
			Pande Panuta Perdana Panji Pramana Prabakar Prasana Pratam Putu Puteh Putra Parameswara Parabatu
			Rajendra Rasjam Rasjamsaka Rawan Rejap Ramelan Renandi Rimbo Rusmadi Raka Rowo Rimau Rasjamvarman Radajaya  
			Sang Santoso Satrio Sedomon Setia Sanjaya Setiawan Samaragrawira Sevakadewa Sugeng Susilo Sukarno_Sukarno Suharto_Suharto Suparman_Suparman Surya Sugijo_Sugijo Sakti_Sakti Sudi Sudivarman 
			Tatang Tjokorda "Tjokorda Gede" Tuah 
			Vikal
			Ungkok Untang Utama Ujang
			Wayan Wishnu_Vishnu Wishnupada Warmadewa Wikram Wira Wiraman Wetan
			Yuda Yashraj Yogesh Yaksh
		}
		female_names = {
			Achintya Adiratna Awan Angkasa Anindya Aninda Ayu Auliya Avnitha Aarusha Asha 
			Budiwati Bulan Bunga Batik Berlian Bimo Bethari Buana Bumi Bimowati  
			Citra Cinta Cut Cerah Cahya Chandra 
			Desak Dewi Devi Diah Diann Darmadewi Drisana Devanshi 
			Elok Endah Eka Empati 
			Gemi Gresya Guritno Ganga 
			Harum Harom Hati Hita
			Inda Inten Intan Istarani
			Jayachandra Jayadurga Jigna Jyena 
			Kemuning Kinaryo Kemala Kartika Kali Kasturi Kania
			Lestari Legi Lakshmi Liyana
			Marshanda Mawar Mega Melati Mentari Merpati Mlathi Murni Mustika Madripa Mahadewi Mahawati
			Ndari Ningrat Nityasri Ningrum Nithika Ningsih Netra "Ni Agung" "Ni Tjokorda" "Ni Gusti" Ndani "Ni Agung Gede" "Ni Tjokodra Gede" "Ni Gusti Gede"
			Orked 
			Parwati Permata Pertiwi Prisia Puspita Putri Pramudawardani Puteh
			Rara Ratih Ratu Reisa Roro-Kidul Rani Raya
			Sarwendah Setiawati Sari Susil Siwa Shiwa Shubah Surya 
			Taman Tika Toto 
			Utama Utari Unik
			Wangi Wening Wilda Wulan
			Juhee_Jasmine Jyotika Jigyasa Jambu
		}
		from_dynasty_prefix = "saking "
		
		allow_looting = yes
		seafarer = yes
			
		modifier = default_culture_modifier
	}
	java = { #Javanese people
		graphical_cultures = { indonesiangfx malaygfx indiangfx muslimgfx }
		secondary_event_pictures = bedouin_arabic
		
		color = { 82 131 222 }
	
		male_names = {
			Abas_Abbas Abdul-Aziz_Abdulaziz Abdul-Djafar_Abduljafar Abdul-Hamid_Abdulhamid Abdul-Jalil_Abduljalil Abdul-Majid_Abdulmajid Abdul-Rahman_Abdalrahman Abdullah_Abdullah Abubakar_Abubakr Ahmad_Ahmad Adam_Adam Adnan_Adnan Akmal_Akmal Alam_Alam Alauddin_Alaeddin Alexander_Alexander Ali_Ali Amar_Amar Amrullah_Amrullah Andak Antah Aqil_Aqil Akre Askhala Awi Arifin_Arifin Ashraf_Ashraf Ataullah_Ataullah Azlan_Aslan Adhiarja Angga Abyasa A
			Badri_Badri Badrul Basyir_Bashir Borhan_Burhan Brasen Burhanuddin_Burhanuddin Budiono Budiman Batman Baskoro B
			Cordosega Cakri Cahya C 
			Dahlan Darwish_Dervish Daud_David Demang Dude Dzulqarnain Dewa D
			Edward_Edward Elyas_Elijah Emran_Imran Elang Emran_Imran E
			Fadlan_Fadlan Fadzil_Fadl Faisal_Faysal Faizuddin Fariq_Fariq Fransiskus_Francis Fauzan F
			Gautama George_George Gerard_Gerard Ghiatuddin_Ghiyasuddin Giovanni_John Glenn Gaung Ganesha G
			Hafidz_Hafiz Hakiem_Hakim Halim_Halim Hamzah_Hamza Haron_Aaron Harris_Harith Hashim_Hashim Hassan_Hasan Haziq_Haziq Hussain_Hussayn H
			Ibrahim_Abraham Idrus_Idris Ikhsan_Ihsan Ishak_Isaac Iskandar_Alexander Ismail_Ishmael Izzuddin I
			Jaafar_Jafar Jamaluddin Jamil_Jamil Jasin_Yasin Jati Jonathan_Jonathan Julius_Julius Justin_Justin Joko Joyo Jiwa J
			Kadir_Qadir Kamaluddin Kamaruzaman Karim_Karim Kasim_Qasim Kevin_Kevin Khalil_Khalil Kumandang Kusno Kusuma Kuwat K
			Lambertus_Lambert Lucas_Luke Lani L
			Mahmud_Mahmud Mansur_Mansur Marcel_Marcellus Martin_Martin Mazlan_Aslan Michael_Michael Mohamad_Muhammad Muhammad_Muhammad Muhriz Muhyiddin Mukarram Munawir Musa_Moses Muzaffar_Muzaffar Muzzil Madripa M
			Najwan Naquiyuddin Nasrullah Naufal_Nawfal Nazrin Nicholas_Nicholas Noh_Noah N 
			Oliver_Oliver Osman_Uthman O
			Pendekar Pierre_Peter Putra P
			Raden Raffi_Rafi Rashid_Rashid Ramdzan_Ramadan Rayyan_Rayyan Reuben_Reuben Riayatuddin Richard_Richard Ridhuan_Ridwan Rio Robert_Robert Roland_Roland Ryuji Ragga Rubal Rowo R
			Said_Said Safruddin Sahril Sahruddin Salahuddin_Saladin Sami_Sami Samee_Sami Salleh_Salih Samsuddin Samsul_Shamsul Saifullah_Saifullah Sirajuddin Smith Sulaiman_Solomon Syarif_Sharif Sarip_Sharif Sukarno_Sukarno Suharto_Suharto Suparman_Suparman Sugijo_Sugijo Suprano_Suprano Sakti_Sakti Suhara_Suhara Sam S
			Taib_Tayyib Tajuddin Tahir_Tahir Taufik_Tawfiq Tuah Talenta T
			Umar_Umar U
			Victor_Victor Vincent_Vincent Vikal V
			William_William Wishnu_Vishnu Waris Wira Wiraman W
			Yahya_John Yesus_Jesus Yunus_Jonah Yusniarsyah Yusransyah Yusuf_Joseph Yuda Y
			Zainal-Abidin Zainal-Arifin Zarif Zikri Ziyad Z
		}
		female_names = {
			Aayizah	Afzan Aisyah_Aisha Alexia_Alexia Alya Amanda_Amanda Amara Aminah_Amina Andrea_Andrea Arianna Arissa Asma Astrid_Astrid Atbah Auliya Aura Azizah_Aziza Aditi A
			Badariah Bahiyah Bariah Budriah Bhagawati B
			Caitlin_Caitlin Clarashinta Christine_Christina Cut Cinta C
			Dhia Duma Devi Diana_Diana D
			Elizabeth_Elizabeth Elvira_Elvira Eva_Eve Ella_Elizabeth E
			Fatima_Fatima Fauziah Fazira Francesca_Frances Frederika_Frederique Freya Fauzana Farah F
			Gista Ganga G
			Hairiah Hannah_Hannah Hasmah Helena_Helen Helsi Humaira Herrawati H
			Ilisha Ilma Iman Imelda Indaryani Intan Isabel_Elizabeth I
			Jennifer_Jennifer Juanda Jihan Johana_Jane Josephine_Josephine Jovita Joyce Juliana_Juliana Julie_Julia Jiwa J
			Kartika Keisha Kerenina Kiki Kirana Kylie K
			Lusyanah Lanah Leah_Leah L
			Maimunah Maliha Maria_Mary Marina_Marina Marissa Maryam_Mary Maya Muazah Muzwin Marpuah Marpaza Megawati M
			Nadhirah Nadine_Nadezhda Najihah Najwan Noor Norashikin Nuha Nurhidayah Nurr Nurul N
			Octavia_Octavia Orked O
			Paulina_Paula Putri_Putri Petri_Putri P
			Rachel_Rachel Rafidah Raisya Rensina Rohana Ros Rosdiah Rozita Ruggyah R 
			Safya Sakinah Saloma Sandra_Alexandra Sara_Sarah Shenina Siti Soraya Saripah_Syarifa S
			Tatjana_Tatiana Talenta Taman T
			Unique U
			Yufida Y
			Vanessa_Vanessa V
			Wanda Wati Wani W
			Zahirah Zahra Zainab_Zaynab Zalila Zanariah Zara Zarith Zaskia Zatashah Zerafina Zubaidah Z
		}
		from_dynasty_prefix = "dari "
		male_patronym = "putra"
		female_patronym = "putri"		
		
		allow_looting = yes
		seafarer = yes
			
		modifier = default_culture_modifier
	}
	sunda = { #Sundanese finally
		graphical_cultures = { indonesiangfx malaygfx indiangfx muslimgfx }
		secondary_event_pictures = bedouin_arabic
		
		color = { 80 132 210 }
	
		male_names = {
			Abas_Abbas Abdul-Aziz_Abdulaziz Abdul-Djafar_Abduljafar Abdul-Hamid_Abdulhamid Abdul-Jalil_Abduljalil Abdul-Majid_Abdulmajid Abdul-Rahman_Abdalrahman Abdullah_Abdullah Abubakar_Abubakr Ahmad_Ahmad Adam_Adam Adnan_Adnan Akmal_Akmal Alam_Alam Alauddin_Alaeddin Alexander_Alexander Ali_Ali Amar_Amar Amrullah_Amrullah Andak Antah Aqil_Aqil Akre Askhala Ateng Arifin_Arifin Ashraf_Ashraf Ataullah_Ataullah Azlan_Aslan Adhiarja Agum Abyasa Asep Ajip Achdiat
			Badri_Badri Badrul Basyir_Bashir Borhan_Burhan Bagja Bentang Bintang Burhanuddin_Burhanuddin Budiono 
			Cordosega Cakri Cahya Ceceng 
			Dahlan Darwish_Dervish Daud_David Demang Damanhuri Dzulqarnain Dewa
			Edward_Edward Erwin_Erwin Elyas_Elijah Emran_Imran Elang
			Fadlan_Fadlan Fadzil_Fadl Faisal_Faysal Faizuddin Fariq_Fariq Fransiskus_Francis  
			Gautama George_George Gerard_Gerard Ghiatuddin_Ghiyasuddin Giovanni_John Gaung Ganesha 
			Hafidz_Hafiz Hakiem_Hakim Halim_Halim Hamzah_Hamza Haron_Aaron Harris_Harith Hashim_Hashim Hassan_Hasan Haziq_Haziq Hussain_Hussayn 
			Ibrahim_Abraham Idrus_Idris Ikhsan_Ihsan Ishak_Isaac Iskandar_Alexander Ismail_Ishmael Izzuddin 
			Jaafar_Jafar Jamaluddin Jamil_Jamil Jasin_Yasin Jati Jonathan_Jonathan Julius_Julius Justin_Justin Joko Joyo Jiwa 
			Kadir_Qadir Kamaluddin Kamaruzaman Karim_Karim Kasim_Qasim Kevin_Kevin Khalil_Khalil Kumandang Kusno Kusuma Kawasa Komar
			Lambertus_Lambert Lucas_Luke Lani 
			Mahmud_Mahmud Mansur_Mansur Marcel_Marcellus Martin_Martin Mazlan_Aslan Michael_Michael Mohamad_Muhammad Muhammad_Muhammad Muhriz Muhyiddin Mukarram Munawir Musa_Moses Muzaffar_Muzaffar Muzzil Madripa Mulya
			Najwan Naquiyuddin Nasrullah Naufal_Nawfal Nazrin Nicholas_Nicholas Noh_Noah 
			Oliver_Oliver Osman_Uthman Oto_Otto
			Pendekar Pierre_Peter Putra 
			Raja Raffi_Rafi Rashid_Rashid Ramdzan_Ramadan Rayyan_Rayyan Reuben_Reuben Riayatuddin Richard_Richard Ridhuan_Ridwan Rio Robert_Robert Roland_Roland Rachmat Rachman_Abdalrahman Ragga Rubal Rowo 
			Said_Said Safruddin Sahril Sahruddin Salahuddin_Saladin Sami_Sami Samee_Sami Salleh_Salih Samsuddin Samsul_Shamsul Saepulloh_Saifullah Sirajuddin Smith Sulaiman_Solomon Syarif_Sharif Sarip_Sharif Sukarno_Sukarno Suharto_Suharto Sugijo_Sugijo Suharna Sakti_Sakti Shahar Suhara_Suhara Sam 
			Taib_Tayyib Tajuddin Tahir_Tahir Taufik_Tawfiq Tuah
			Umar_Umar Ujang 
			Victor_Victor Vincent_Vincent Vikal 
			William_William Wishnu_Vishnu Wawan Wira Wiraman 
			Yahya_John Yesus_Jesus Yunus_Jonah Yusniarsyah Yusransyah Yusuf_Joseph Yandi
			Zainal-Abidin Zainal-Arifin Zaenal Zarif Zikri Zulfiqor
		}
		female_names = {
			Aayizah	Afzan Aisyah_Aisha Alexia_Alexia Alya Amanda_Amanda Amara Aditia Aminah_Amina Andrea_Andrea Arianna Arissa Asma Astrid_Astrid Atbah Auliya Aura Azizah_Aziza 
			Badariah Bahiyah Bariah Budriah Bhagawati 
			Caitlin_Caitlin Clarashinta Christine_Christina Cut Cinta 
			Dhia Duma Devi Diana_Diana Dayat
			Elizabeth_Elizabeth Elvira_Elvira Eva_Eve Ella_Elizabeth Elfa Endah Eros
			Fatima_Fatima Fauziah Fazira Francesca_Frances Frederika_Frederique Freya Fauzana Farah 
			Gista Ganga 
			Hairiah Hannah_Hannah Hasmah Helena_Helen Helsi Humaira Herrawati Hidayat
			Ilisha Ilma Iman Imelda Indaryani Inten Isabel_Elizabeth 
			Jennifer_Jennifer Juanda Jihan Johana_Jane Josephine_Josephine Jovita Joyce Juliana_Juliana Julie_Julia Jiwa 
			Kartika Keisha Kerenina Kiki Kirana Kylie Kania Komariah
			Lusyanah Lanah Leah_Leah 
			Maimunah Maliha Maria_Mary Marina_Marina Marissa Maryam_Mary Maya Muazah Muzwin Marpuah Marpaza Megawati Mulyana
			Nadhirah Nadine_Nadezhda Najihah Najwan Noor Norashikin Nuha Nurhidayah Nurr Nurul 
			Octavia_Octavia Orked 
			Paulina_Paula Putri_Putri Petri_Putri 
			Rachel_Rachel Rafidah Raisya Rensina Rohana Ros Rosdiah Rozita Ruggyah  
			Safya Sakinah Saloma Sandra_Alexandra Sara_Sarah Secioria Siti Soraya Saripah_Syarifa Sartika
			Tatjana_Tatiana Talenta Taman 
			Unique 
			Yufida 
			Vanessa_Vanessa 
			Wanda Wati Wani 
			Yanti
			Zahirah Zahra Zainab_Zaynab Zalila Zanariah Zara Zarith Zaskia Zatashah Zerafina Zubaidah 
		}
		from_dynasty_prefix = "dari "
		
		allow_looting = yes
		seafarer = yes
			
		modifier = default_culture_modifier
	}
}