brythonic = {
	alternate_start = {
		NOR = {
			has_alternate_start_parameter = { key = special_culture value = animal_world }
			has_alternate_start_parameter = { key = special_culture value = alien_world }
			has_alternate_start_parameter = { key = special_culture value = animal_alien_world }
		}
	}
	graphical_cultures = { westerngfx }

	old_welsh = { #Modern Welsh
		graphical_cultures = { celticgfx }
		
		color = { 30 153 69 }

		male_names = {
			Aeron Adam_Adam Adrian_Adrian Aeddan_Aedan Alexander_Alexander Alfred_Alfred Alun_Alan Alwyn Anarawd Andreas_Andrew Aneurin_Honorius Anthony_Anthony Arthen Arthfael_Armel Arthur_Arthur Arthwys Arvirargus Arwel Arwyn Asa Asaph Augustus_Augustus Awstin_Augustine 
			Bedwyr_Bedivere Beli_Beli Benjamin_Benjamin Berwyn Bleddyn_Bleddyn Bleiddud_Bleiddud Briog_Briog Brochfael_Brogmaglus Brychan_Brychan Brân_Bran Brynmor 
			Cadell Cadeyrn Cadfael Cadfan Cadoc_Cadoc Cadwal Cadwaladr_Cadwaladr Cadwallon_Cadwallon Cadwgan Cai_Gaius Caid_Cade Cain_Cain Caradog_Caratacus Caswallon_Cassivellaunus Cedwyn Cefin_Kevin Ceredig_Caratacus Charles_Charles Christopher_Christopher Cledwyn Colwyn Connor_Connor Cynan_Conan Cynddelw_Cynddelw Cyndeyrn_Kentigern Cynfael_Cynfael Cynfarch_Cynfarch Cynfawr_Conomor Cynfelyn_Cunobelinus Cynfran Cyngar_Cyngar Cynog Cynwrig Cyson_Constans Cystennin_Constantine
			Dafydd_David Deiniol_Daniel Dewi_David Donat_Donatus Drystan_Tristan Dumnagual_Donald Dylan_Dylan 
			Edern_Edern Ednyfed_Ednyfed Edryd Edward_Edward Edwyn_Edwin Einion Elfin Elidyr Elisedd Elystan_Athelstan Emrys_Ambrose Emyr Ercwlff_Hercules Ethan_Ethan Eurig Evan_John
			Ffernfael_Ffernfael Fragan_Fragan Ffransis_Francis Folant_Valentine Fychan 
			Gabriel_Gabriel Garmon_German Geraint_Gerontius Gerallt_Gerald Gethin Glyn Glyndwr Glywys_Claudius Godwyn_Godwin Goronwy_Gronw Gruffudd_Griffith Gronw_Gronw Gruffudd Grygor_Gregory Gwalchmai Gwallter_Walter Gwenwynwyn Gwrtheyrn_Vortigern Gwydol_Vitale Gwyn_Finn Gwilym_William Gwrgi_Gwrgi Gwriad_Viriathius Gwydion Gwyn Gwynfor
			Harold_Harold Harri_Henry Haul Heddwyn Hefin Henry_Henry Howell_Hywel Huw_Hugh Hywel_Hywel
			Iago_Jacob Idnerth_Idnerth Idwal_Idwal Iestyn_Justin Ieuan_John Ifan_John Ifor_Ivar Ilar_Hilarius Illtyd Ioan_John Iorwerth_Iorwerth Isfael_Ishmael Islwyn Ithel_Judicael Iwan_John Iwstinian_Justinian
			Jack_John James_James Jonathan_Jonathan Jordan_Jordan Joshua_Joshua
			Leon_Leo Lewis_Louis Lleu_Lugus Llyr Llywarch_Llywarch Llywelyn Luc_Luke
			Macsen_Maximus Madoc_Madoc Maelcwn_Malcolm Maelgwn Maldwyn Marc_Mark Maredudd Martyn_Martin Math Matthew_Matthew Meical_Michael Meilyr Meirion_Marianus Merfyn_Merfyn Meurig_Maurice Morgan_Morgan Morien Mostyn Mwyn_Mungo Myrddin_Merlin
			Nathaniel_Nathan Neifion_Neptune Nicholas_Nicholas Nynniaw_Ninian
			Ofydd_Ovidius Oliver_Oliver Oscar_Oscar Oswallt_Oswald Owain_Eugene Owen_Eugene
			Padarn_Paternus Padrig_Patrick Pawl_Paul Pedr_Peter Philip_Phillip Pryce Pryderi Pyr
			Rheinallt_Reinhold Rhisiart_Richard Rhiwallon_Rhiwallon Rhobert_Robert Rhodri_Roderick Rhufon_Roman Rhun Rhydderch_Roderick Rhydian Rhys_Reece Roderick_Roderick Ryan_Ryan
			Sawyl_Samuel Seferus_Severus Seisyll_Sextilius Selyf_Solomon Serigi_Sergius Sieffre_Geoffrey Siôn_John Siôr_George Siorus_George Steffan_Stephen Sulien 
			Talfryn Taliesin_Telesinus Tegid_Tacitus Tegwyd_Teague Teilo Tewdos_Theodosius Tewdrig_Theodoric Tomos_Thomas Trahaearn Trevor_Trevor Tristan_Tristan Tudor_Theodore Tysilio 
			Urien_Urbgenius Uthyr_Uther
			Vaughan
			Wyn
			Ynyr_Honorius
			Zachary_Zachary
		}
		female_names = {
			Abigail_Abigail Aderyn Aerona Aeronwen Aeronwy Afon Alis_Alice Amber_Amber Angharad Anest_Agnes Angela_Angela Angharad Annwyl Anwen Arianrhod Arianwen
			Bethan_Elizabeth Betrys_Beatrix Blodwen Briallen Branwen Bronwen
			Cadi_Catherine Caron Carys Catrin_Catherine Ceindrych Ceinwen Ceri Ceridwen Charlotte_Charlotte Chloe_Chloe Cicely_Cecilia Creirwy Cristyn_Christina 
			Delyth Denise_Denise Deryn Dilys Dwynwen Dyddgu 
			Efa_Eva Eilwen Eira Eirlys Eirwen Elaine_Elaine Elen_Helen Eleri Elinor_Eleanor Elizabeth_Elizabeth Eluned Emily_Emily Emma_Emma Enfys Enid Euronwy Eurwen
			Ffion Fflur_Flora Ffraid_Bridgit 
			Georgia_Georgia Grace_Grace Gweirful Gwen Gwenda Gwendolen Gwenfrewi_Winifred Gwenhwyfach Gwenhwyfar_Jennifer Gwenllian Gwladys_Claudia Gwynedd Gwyneira
			Haf_Summer Hannah_Hannah Hawys Heledd Hellawes Heulwen Hunydd 
			Isabel_Elizabeth
			Jessica_Jessica
			Kate_Catherine
			Leah_Leah Lleucu Llewella Llinos Lowri_Laura
			Madeleine_Madeline Mair_Mary Mairwen Mali_Mary Mallt_Matilda Mared_Margaret Marged_Margaret Mari_Mary Megan_Margaret Meinwen Meiriona_Mariana Melissa_Melissa Mererid Morganna_Morgana Morwenna Myfanwy 
			Nerys Nesta_Agnes Nia_Naimh Nicole_Nicole Non
			Olivia_Olivia Olwen Owena_Eugenia 
			Prawst 
			Rachel_Rachel Rebecca_Rebecca Rhian Rhiannon_Rhiannon Rhonwen_Rowena Rhosyn_Rosa
			Sara_Sarah Seren Siân_Jane Sioned_Jane Siwan_Jane Susanna_Susan 
			Tangwystl Tegan Tegla_Thecla Tegwen Tesni
			Victoria_Victoria
			Ystradwel
			Zoe_Zoe
		}
		
		dukes_called_kings = yes
		
		from_dynasty_prefix = "a "
		male_patronym = "Mab"
		female_patronym = "Merch"
		prefix = yes
		feminist = yes
		disinherit_from_blinding = yes

		modifier = default_culture_modifier

		# Chance of male children being named after their paternal or maternal grandfather, or their father. Sum must not exceed 100.
		pat_grf_name_chance = 80
		mat_grf_name_chance = 0
		father_name_chance = 0
		
		# Chance of female children being named after their paternal or maternal grandmother, or their mother. Sum must not exceed 100.
		pat_grm_name_chance = 10
		mat_grm_name_chance = 50
		mother_name_chance = 0
	}
	cornish = {
		graphical_cultures = { celticgfx }
		
		color = { 0.3 0.5 0.4 }
		
		male_names = {
			Aaron_Aaron Accolon_Accolon Adam_Adam Adrian_Adrian Aglovale_Aglovale Agravain Alan_Alan Aleksander_Alexander Alfred_Alfred Ambrose_Ambrose Andrew_Andrew Antony_Anthony Archibald_Archibald Arnold_Arnold Arthek_Ursus Arthur_Arthur Arthyen_Arthen Austol Awgust_Augustus 
			Baldwin_Baldwin Basil_Basil Bedivere_Bedivere Benedikt_Benedict Boniface_Boniface Bryok_Briac Breok_Briac Brioc_Briac Brunor_Brunor 
			Cadan Cador_Cadeyrn Cadwur_Cadwr Caleb_Caleb Calogrenant_Calogrenant Calvin_Calvin Casek_Cadog Charles_Charles Christopher_Christopher Claude_Claudius Clemo_Clement Clesek Constentyn_Constantine Corineus Craig_Craig Crawford Cyrus_Cyrus
			Dagonet_Dagonet Daniel_Daniel Darius_Darius Daveth_David Derek_Theodoric Dominic_Dominic Douglas_Douglas
			Edern_Eternus Edgar_Edgar Edward_Edward Elliot_Elijah Enor Enyon_Anthony Erik_Erik Eugene_Eugene
			Francis_Francis Frederick_Frederick
			Galahad_Galahad Gareth_Gareth Gelasius_Gelasius George_George Gerens Goron_Goron Gorron_Goron Gregori_Gregory
			Hector_Hector Hedrek_Hedrek Hedrok_Hedrek Henry_Henry Herbert_Herbert Howard Humphrey_Humphrey
			Isaac_Isaac
			Jago_Jacob James_James Jonah_Jonah Jonathan_Jonathan Jory_George Joseph_Joseph Jowan_John Julyan_Julian Justin_Justin
			Kallist_Callistus Kay_Gaius Kenver_Kevin Kenvern_Kevin Kesar_Caesar Kostentin_Constantine
			Lancelot_Lancelot Laurence_Lawrence Lew_Leo Lot_Lot Lucas_Luke
			Margh_Mark Marsell_Marcellus Martin_Martin Massen_Maximus Matthew_Matthew Maurice_Maurice Merlin_Merlin Michael_Michael Mordred Myghal_Michael
			Nectan Nikolas_Nicholas Nigel_Nigel Norman_Norman
			Oktavyan_Octavian Oliver_Oliver Owen_Eugene
			Pasco_Pascal Pawly_Paul Pelagius_Pelagius Pellinore_Pellinore Peran_Piran Perran_Piran Petrok_Peter Piran_Piran Philip_Phillip
			Richard_Richard Robert_Robert Roger_Roger Roman_Roman Ruan
			Sabinian Samuel_Samuel Santo_Alexander Seleven_Solomon Severin_Severinus Silas Silvanus_Silvanus Simon_Simon Stanhope Stefan_Stephen
			Talan Theodor_Theodore Thomas_Thomas Timothy_Timothy Tony_Anthony Treeve Tristan_Tristan
			Urien_Urbgenius Uther_Uther
			Valentin_Valentine Viktor_Victor
			Walter_Walter William_William
			Zakari_Zachary
		}
		female_names = {
			Abigale_Abigail Alexandra_Alexandra Alice_Alice Anne_Anna
			Barbara_Barbara Beatrice_Beatrix Bennath Berlewen Beryan Blakely Brenda 
			Candice_Candice Cassandra Catherine_Catherine Cecilia_Cecilia Chesten_Christina Conwenna Creeda
			Danielle_Daniela Delen Demelza Doryty_Dorothy 
			Ebrel_April Eia_Violet Ela_Eleanor Elaine_Elaine Elizabeth_Elizabeth Elowen Emblyn_Amelia Emily_Emily Endelyn_Endellion Endellion_Endellion Enid
			Glanna Gloria_Gloria Grace_Grace Gwenifer_Jennifer
			Hannah_Hannah Helen_Helen Hermine_Hermine Holly_Holly
			Ia_Violet Igraine Irene_Irene Isolde
			Janet_Jane Jasmin_Jasmine Jessica_Jessica Jenifer_Jennifer Jenifry_Jennifer Jowanet_Jane Julia_Julia 
			Kate_Catherine Kayna Kensa Kelynen Kerensa
			Lamorna Laura_Laura Lauren_Laurentia Lilian_Lillian Loveday_Loveday Lowdy_Loveday Lowenna Lucia_Lucia Luned_Luned 
			Mabena_Mabyn Madeleine_Madeline Maria_Mary Michelle_Michelle Morwen_Morwenna Morwenna_Morwenna Meliora Meraud Mabyn_Mabyn Melwyn Melyonen_Violet Morgen 
			Natalie_Natalie Nessa Newlyn Nimue Nora_Eleanor
			Rachel_Rachel Regina_Regina Rosa_Rosa Rosenwyn 
			Samantha_Samantha Sarah_Sarah Splanna Susan_Susan 
			Talwyn Tamara_Tamar Tegen Teresa_Theresa Tregereth Trueth 
			Veronica_Veronica Victoria_Victoria
			Zoe_Zoe
		}
		
		dukes_called_kings = yes
		
		from_dynasty_prefix = "a "
		
		male_patronym = "Mab"
		female_patronym = "Myrgh"
		prefix = yes
		feminist = yes

		disinherit_from_blinding = yes
		modifier = default_culture_modifier
		
		# Chance of male children being named after their paternal or maternal grandfather, or their father. Sum must not exceed 100.
		pat_grf_name_chance = 80
		mat_grf_name_chance = 0
		father_name_chance = 0
		
		# Chance of female children being named after their paternal or maternal grandmother, or their mother. Sum must not exceed 100.
		pat_grm_name_chance = 10
		mat_grm_name_chance = 50
		mother_name_chance = 0
	}
	breizhiz = { #True Celtic Breton
		graphical_cultures = { celticgfx }
		
		color = { 37 124 79 }
		
		male_names = {
			Adoyre Adrien_Adrian Aedan_Hugh Agustin_Augustine Alan_Alan Alar_Alaric Aldrien_Aldroenus Alfrond Alor Alured_Alfred Alwen_Alwin Anaoc
			Anaubritou Anaugen Anauguethen Anauguoret Anauhocar Andreas_Andrew Aniud Anton_Antonius Argantbri Argantmoet Arnalt_Arnold Arthel
			Arthguiu_Artorius Arthmael Arthueu_Artorius Arthuiu_Artorius Arthur_Arthur Austol Baldoen_Baldwin Bastian_Sebastian Beli_Beli Beltram_Bertrand
			Benabic Berenger_Berengar Bernead_Bernard Berthgualt_Berthoald Bledric_Bledrig Bledros Bleidcum Bletcu Blethin_Bleddyn Blethiut_Bleiddud
			Bodan Bran_Bran Brangualart_Branwaladr Branhucar Branoc Brenci Brendan Breselconan Breselcoucant Breselgar Breseloc Breselueu Brethoc
			Brient_Brian Brigualt Brioc_Briog Brithael Brochuael_Brogmaglus Bronmael Budguoret Budhoiarn Budic_Benedict Budoc Buhedoc Butgual Cadan
			Cadaouen Cadarvan Cadiou Cadoc_Cadog Cador_Cadwr Cadou_Cadw Cantgueithen Caradec_Caratacus Caradoc_Caradog Carantoc Catgualart_Cadwaladr
			Catuallon_Cadwallon Catguethen Catguoret_Cadwared Catgutic Cathno Catnimed Catuod Caurantin_Corentin Ceneu Cenguethen Cenmarhoc Cenmin
			Cenmonoc Cingur Cinhoedl Clemen_Clement Clodouan Clotwoïon Comoere Conan_Conan Concen_Cyngen Condeleu_Cynddelw Condidan_Cyndyddan Congar_Cyngar
			Conmael_Cynfael Conmonoc Conogan Conredeu Conuallon_Cynwallon Conmarch_Cynfarch Convelin_Cynfelyn Conwoïon Corguethen Courantgern Courantmonoc
			Culmin_Culmin Custent_Constans Custentin_Constantine Dauid_David Deniel_Daniel Denis_Dionysus Deroch Derrien Deui_David Deurhoiarn Domnoret Domuel_Dywel
			Donual_Donald Donuallon_Dyfnwallon Drogon_Drogo Duenerth Dumnarth_Donyarth Edern_Eternus Edouart_Edward Eguen_Eugene Eon Erispoë Erouan_Yves
			Estienne_Stephen Etgual Eudon_Otto Euhocar Euhoiarn Eusebi_Eusebius Even_Eugene Evrard_Everard Farinmael_Ffernfael Ferant_Ferdinand Fracan_Fragan
			Framual Fransaz_Francis Frioc_Friog Garmon_German Geofroi_Godfrey Geralt_Gerald Gereint_Gerontius Gestin_Justin Gilbert_Gilbert Godefroi_Godfrey
			Goennoc Gouesnon Goulwen Gouremor_Gwrfawr Gourmaelon Gralon Gratcant Gregor_Gregory Grifiud_Ruffinus Guallon Gualter_Walter Gudual Guecon Guenerdon
			Guenhael Guentanet Guentiern Gui_Guy Guiharan Guihomarch Guihomart Guilherm_William Guincalon Guincum Guinhael Guinhoiarn Guinoc Guinol_Winaloe
			Guithrit Guitol_Vitalis Guobrian Guocon Guoedanau Guoedatoe Guoednou Guoethoiarn Guoletec Guorbili Guordotal Guoretan Guorethoiarn Guorhoiarn
			Gurbodu Gurcant_Fergus Gurcencor Gurceneu_Gwrgeneu Gurci_Gwrgi Gurcon Gurdilic Gurgen Gurguaret Gurguist_Fergus Gurguistl_Fergus Gurheter
			Guriant_Viriathius Gurlouen Gurmael Gurmaeloc Gurmhaelon Gurthcid Gurthiern_Vortigern Guruant Guerech Gueroc Guethenan Guethencar Guethencor
			Guethenwoïon Guethenhoiarn Guethenoc Haelcomarch Haelguethen Haelguoret Haelhoiarn Haeloc Haeloubri_Herori Haermael Hammelin_Hamelin
			Hamon_Hamon Harscoit Hedyn Heranal Herri_Henry Hesdren Hincomhal Hinguethen Hocar Hoconan Honfroi_Humphrey Hoël_Hywel Huiarnal Huiarnbili
			Huiarnviu_Harvey Hunfroi_Humphrey Iacob_Jacob Iarcun Iarnbud Iarncant Iarncar Iarndetguid Iarnegon_Jarnegon Iarnuallon Iarnuocon Iarnhitin
			Iedechael Iehan_John Ilcarthon Ildut Iliud Inisian Iocilin_Joscelin Iodoc Ionas_Jonah Iosep_Joseph Iudcum Iuduallon_Idwallon Iudhael_Ithel
			Iudicael_Judicael Iudnerth_Idnerth Iudnimet_Ednyfed Iustoc Iudoc Iudual_Idwal Iumael Iunceneu Iunuocon Iunmonoc Jord_George Leucum Loi
			Lorens_Laurence Louenan Loumarch_Llywarch Louïs_Louis Maelcon_Maelgwn Maeldoï Maelhuedoc Maeloc Maelscoet Maelscuet Maenceneu Maenci
			March_Marcus Marthin_Martin Matheudoï Mathias_Matthew Matoc_Matad Matuid Maugan Mauric_Maurice Medrod_Mordred Meldroc Meriadoc_Meriadoc
			Mermin_Merfyn Meugan_Mawgan Meven Michel_Michael Morcant_Morgan Morcondeleu Morgen_Morgen Morguethen Morhaetho Mormarch_Morfarch Morvan
			Mortiern Neven Nicolas_Nicholas Nodethael Nodhoiarn Nominoë Nougui_Nowy Oliuer_Oliver Oswallt_Oswald Padric_Patrick Paol_Paul Pascueten_Pasquitan
			Patern_Paternus Petroc Phelippe_Phillip Piran Prigent Primael Primarhoc Putrael Pêr_Peter Ralf_Ralph Raoul_Ralph Renan Resmen Riacet_Riacet
			Ribald Ricart_Richard Riceneu_Ricenus Richwin_Richwin Ridoredh Riualtr Rihouen Rinduran Rioc Riol Riwal_Riwal Riuallon_Rhiwallon Rodric_Roderick
			Roenualloc Roenuallon Roenuolou Roenhoiarn Rolland_Roland Ronan_Ronan Roparth_Robert Roucen_Rucenus Rumon_Roman Ryd Salenn Salomon_Solomon Samson
			Samuel_Samuel Stefen_Stephen Sulgen_Julian Sulhoiarn Sulmonoc Sultiern Talan Talhoiarn Tanci Tanet Tanhoiarn Telent Terithien Tethion Teudric_Thierry
			Teudur_Theodore Tibault_Theobald Tiernan Tiernmael Tiernoc Tiernualloc Tiernuallon Treveur Tristan_Tristan Tuduallon_Tudwallon Tudur Tugdual_Tuathal
			Ungust Urbcen_Urbgenius Urbien_Urban Urblon Urvod Uther_Victor Vincenne_Vincent
		}
		female_names = {
			Aanor Abrelda_Abrelda Adela_Adela Adelaïda_Adelaide Adelindis_Adelinde Adeltrudis_Adeltrudis Aedoc Aeluit_Aelwyd Agnes_Agnes Alana Alis_Alice Anaguistl Anaudat Anaudrec
			Anauhouguel Anauprost Andrea Anna_Anna Aourcen Aouregan Aourell Aouren Argantan Argantdrec Arganteila Arganteilin Argantguistl Arganthael Argantlon
			Argantmoet Artaca Avandrec Avenie Beladora_Beladore Berchet_Brigid Berengaria Bernegarda Berta_Bertha Berthildis_Bertha Bertissa Bleutuen_Blodwen Brendana
			Bronuen_Bronwen Buriana Canna Cateline_Catherine Catguistl Cecilia_Cecilia Ceindrec_Cagintria Ceinguled Cleirui_Creirwy Condeleu Constansa_Constance
			Cristen_Christina Dengel Deniela Denise_Denise Diuset Dreanau Drebiu Dreguoreth Drelouguen Drichglur Drilego Duihon Elara Eleanor_Eleanor Eleina_Elaine
			Elena_Helen Elesbed_Elizabeth Elisaued_Elizabeth Elwen Emma_Emma Endellion Ennoguent Enoguen Enora Eonnecte_Joan Erouana_Yvonne Ewsannec Fuandrec Gaela
			Geberga_Geberga Glades_Claudia Gloiucen Gloiumed Guelet Guenbrith Guencen Guencenedl Guencor Guenguerthlon Guenguistl Guenguiu Guenmon Guenna Guenneret
			Guennguar Gueruel_Gwerfyl Guigoëdon Guillemecte_Williamette Gwenn_Gwen Halbiu Hawis_Hawise Herannuen Hodierne Igerna Ignoguen Ilcum Ildegarda_Hildegard
			Iofa Iouenna_Joan Isabelle_Elizabeth Iseult_Hersilia Iudhent Iudlouguen Iudprost Janed_Joan Judhael_Judith Languoret Leonore_Eleanor Leueer Leuhemel
			Leuoc Louhelic Luncen Maben Magdalene_Magdalena Marguarite_Margaret Mari_Maria Medguistl Meduil Melita Meonre Milian Mona_Mona Morganne_Morganna
			Morguetel Moruen_Murron Moruith Morvana Neulenna_Neulenna Nodguoret Nodiunet Nolwenne Nonne_Nonna Oncenedl Oncum Onguen Ordguydel Ourcen Ourdilic Perenn
			Proscen Prosguetel Prostlon Rannoeu Riguistl Rimoet Rioanon Rioanon_Rhiannon Rioantcen Rioantdrec_Rioantdrec Rioantel Rioantguellt_Regina Roenhael Roinoc
			Ronana Rozenn Rum Rumun Seva Stefania_Stephania Steren Sulcar Sulcen Sulgubri Sulgwen Sulleisoc Sulmed Susanne_Susan Tandrec Tanetbiu Tanetlowen
			Tanguistl_Tancostyla Tedvil Tephaine Thomine Tibourge_Tiburge Trifine Tristana Uriell
		}
		
		dukes_called_kings = yes
		
		from_dynasty_prefix = "de "
		
		male_patronym = "mab "
		female_patronym = "verch "
		prefix = yes
		feminist = yes
		disinherit_from_blinding = yes

		modifier = default_culture_modifier
		
		# Chance of male children being named after their paternal or maternal grandfather, or their father. Sum must not exceed 100.
		pat_grf_name_chance = 80
		mat_grf_name_chance = 0
		father_name_chance = 0
		
		# Chance of female children being named after their paternal or maternal grandmother, or their mother. Sum must not exceed 100.
		pat_grm_name_chance = 10
		mat_grm_name_chance = 50
		mother_name_chance = 0
	}
}
