maghreb_arabic = {
	alternate_start = {
		NOR = {
			has_alternate_start_parameter = { key = special_culture value = animal_world }
			
			
		}
	}
	graphical_cultures = { muslimgfx }
		
	moroccan = { 
		graphical_cultures = { berbergfx arabicgfx muslimgfx }
		unit_graphical_cultures = { egyptiangfx levantinegfx arabicgfx muslimgfx }
		
		color = { 0.35 0.9 0.25 }

		male_names = {
			Abakada Abbas_Abbas Abdel_Abdul Abdelazim_Abdulazim Abdelhalim_Abdulhalim Abdelkarim_Abdalkarim Abderrahmane_Abdalrahman Abdellah_Abdullah Abidin Adal Adam_Adam Aderbal Adil_Adil Afalawas Afer Aghali
			Aheyyad Ahmed_Ahmad Ajdir Ajeddig Akaday Akateiaji Aksel_Caecilius Aksil_Caecilius Akzer Alaeddin_Alaeddin Ali_Ali Amdegh Amennay Amine_Amin Amir_Amir Anouar_Anwar Asad_Asad Azim_Azim Azrur 
			Badis Barakat_Barak Berkan Billal_Bilal Boughèra
			Chafik_Shafiq Chakir_Shakir
			Daoud_David Driss_Idris 
			Fahd_Fahd Farid_Farid Fath_Fath 
			Galussa Gauda Ghanim Ghaysan Ghumer Gildun 
			Hacène_Hasan Haidar_Haidar Hakim_Hakim Hamad_Hamad Hassan_Hasan Hicham_Hisham Hussamaddin 
			Ibiza Ibrahim_Abraham Ilyas_Elijah Immeghar Irgen Ismail_Ishmael Isalcas Ishaq_Isaac Islam_Islam Issam_Isam Itber 
			Djaffar_Jafar Djamal_Jamal Jaouad_Jawad 
			Kacem_Qasim Kamal_Kamal Karim_Karim Kenan Khalid_Khalid Khidr_Khidr 
			Latif_Latif Luki_Lucius 
			Mahdi_Mahdi Mahmoud_Mahmud Mahtar Malik_Malik Marouane_Marwan Matiya_Matthew Medjan Mellal Mennad Menzu Mezwar Mohammed_Muhammad Mukhtar Mourad_Murad Mousa_Moses Mustapha_Mustafa
			Nasser_Nasir Nouredine_Nuraddin
			Oumar_Umar Othman_Uthman Ouahab_Wahab Ouahid_Wahid Oualid_Walid
			Rachid_Rashid Ramdane_Ramadan
			Said_Said Salah_Salah Salaheddine Salim_Salim Sifal Sinbad Suleiman_Solomon Sultan_Sultan
			Tacfin Tahir_Tahir Tanan Tariq_Tariq Tifan_Theophanus Tiljad 
			Yacoub_Jacob Yahya_John Yiliyen_Julian Younès_Jonah Youcef_Joseph 
			Zafir_Zafar Zain_Zain Zidane_Zaydan
		}
		female_names = {
			Adila Aïcha_Aisha Amina_Amina Amna Arwa Aziza_Aziza
			Bahija Basira_Basira Basma Batul Bouchra_Bushra
			Dalal Daniyah
			Fadila_Fadila Faiza_Faiza Farida_Farida Farah_Farah Fatima_Fatima 
			Ghada Ghaliya
			Habiba_Habiba Hadiyya Hafsa Halima_Halima Hanifa_Hanifa Hawa_Eve Huda Husna
			Ibtisam Isra
			Jalila_Jalila Jamila_Jamila Janan
			Karima_Karima Khadija
			Layla_Laila 
			Maha Malika_Malika Maryam_Mary Midha Munya
			Nafisa Njla Nawra 
			Rafiqa Ramlah Rana Rasa Rashida_Rashida Ridwana_Ridwana
			Sadaf Safiyyah_Safiyyah Sahar_Sahar Saida_Saida Salha_Salha Samira_Samira Sara_Sarah Sawsan_Susan Shakira_Shakira
			Tahira_Tahira Taliba_Taliba Tasnim Thana
			Uzma
			Wahida_Wahida
			Yasmin_Jasmine Yusra
			Zaynab_Zaynab
		}
		from_dynasty_prefix = "mn "
		
		male_patronym = "ibn "
		female_patronym = "bint "
		prefix = yes
				
		allow_looting = yes
		seafarer = yes

		modifier = default_culture_modifier

		pat_grf_name_chance = 60
		mat_grf_name_chance = 20
		father_name_chance = 10
		
		pat_grm_name_chance = 40
		mat_grm_name_chance = 20
		mother_name_chance = 30
	}
	hassaniya = { 
		graphical_cultures = { berbergfx arabicgfx muslimgfx }
		
		color = { 0.2 0.75 0.2 }

		male_names = {
			Abass_Abbas Abdelilah_Abdullah Abdo_Abdul Abou_Abu Abdou_Abdul Aboubakry_Abubakr Abdoulahi_Abdullah Abdoulaye_Abdullah Abdelaziz_Abdulaziz Adam_Adam Adellatif_Abdullatif Alboury Aliou_Ali Ahmed_Ahmad Amdy Anthiou Ayad Azddine_Izzaldin Aziz_Aziz
			Bachir_Bashir Bassirou Bayoulaye Bilal_Bilal Boubacar_Abubakr Brahim_Abraham
			Chakir_Shakir Cheikh_Sheikh Chérif_Sharif 
			Daoud_David Dieng Dieye 
			El-Hadji_Hajj El-Hattab
			Fallou Fatah 
			Gallass 
			Hafid_Hafiz Hamdane_Hamdan Hassan_Hasan Hatim_Hatim Hicham_Hisham Houssine_Hussayn
			Ilyess_Elijah Ismail_Ishmael
			Jacques_James Jawad_Jawad 
			Kallamou Kasem_Qasim Khadim Kosso
			Lahcen_Hasan Lamine_Amin Libasse Lmodan 
			Mehdi_Mahdi Mohamed_Muhammad Modou_Muhammad Mostefa_Mustafa Moulay Mourad_Murad Moussa_Moses
			Ndama Ndiaye Nouh_Noah 
			Omar_Umar Ouahid_Wahid Oualid_Walid Ousmane_Uthman
			Rachide_Rashid Ramadane_Ramadan Rhone 
			Said_Said Saliou_Salih Samir_Samir Serigne Sofiane_Sufyan Soulaymane_Solomon
			Tahar_Tahir Thierno Tidiane 
			Yassine_Yasin Youssef_Joseph Youness_Jonah
			Zakariya_Zachary Zeine_Zain
		}
		female_names = {
			Aicha_Aisha Aiye Alice_Alice Aminata Amy Angele_Angela Aziza 
			Bijou
			Codou 
			Diaba Diane_Diana Dieumb 
			Eazizat 
			Fatima_Fatima Fatma_Fatima Fatou 
			Kadia Khady Kya 
			Maman Mame Mareme_Mary Marim_Mary Maty Mbayang Mbirika Mboup
			Nawal Ndeye Noura 
			Oulimata Oum
			Ramatoulaye Rima
			Sandrine_Alexandra Sara_Sarah Seydou Sira Sonya_Sophia
			Véronique_Veronica
		}
		from_dynasty_prefix = "mn "
		dynasty_title_names = yes
		
		male_patronym = "ibn "
		female_patronym = "bint "
		prefix = yes
		
		allow_looting = yes
		
		modifier = default_culture_modifier
	}	
	andalusian_arabic = {
		graphical_cultures = { andalusiangfx southerngfx berbergfx arabicgfx muslimgfx  } #westerngfx
		unit_graphical_cultures = { egyptiangfx levantinegfx arabicgfx muslimgfx }
		
		color = { 0.4 0.7 0.25 }

		male_names = { # Broken Spanish mixed with Arabic
			Abbas_Abbas Abdalla_Abdullah Abdalaziz_Abdulaziz Abdalhakam_Abdulhakam Abdalhazm_Abdulhazm Abdalrahman_Abdalrahman Abdelrazzaq_Abdulrazzaq Abdal_Abdul Abu Adfuns_Alphonse Ahmed_Ahmad Alfaru_Alvar Ali_Ali Andirs_Andrew Antuniu_Anthony Ayyub_Job 
			Barmudu_Vermudo Barnardu_Bernard Bilal_Bilal Bilayu_Pelagius Bulu_Paul 
			Danyal_Daniel Dawud_David Diaku_Diaco
			Fadel_Fadl Fadrik_Frederick Filibi_Phillip Firnandu_Ferdinand Fransisku_Francis Fruayla_Froila
			Garsiya_Garcia
			Hafiir_Xavier Hakam_Hakam Hughu_Hugh
			Ibrahim_Abraham Ilyas_Elijah Imiliu_Emil Inriki_Henry Isa_Jesus Ismail_Ismail Istiban_Stephen
			Jawaakin_Joachim Jawmiz_Gomez Jil_Egidius Jiln_William Junzalu_Gonzalo Justafu_Gustav Jutiir_Walter
			Karlus_Charles Kristubal_Christopher Kuru_Francis 
			Leun_Leo Lubb_Lupo Luis_Louis 
			Manryk_Amalric Manuil_Emmanuel Markus_Mark Martyn_Martin Mathiu_Matthew Mighil_Michael Muhammed_Muhammad Muisa_Moses
			Nikulas_Nicholas Nynu_Nuno
			Ordunu_Ordono
			Pedru_Peter
			Rafayiyl_Raphael Ramiru_Ramiro Ramun_Raymond Rashid_Rashid Rudrighu_Roderick Rumiu_Romeo 
			Said_Said Sanyo_Sancho Siddray Salomón_Solomon 
			Tarik_Tariq
			Umar_Umar Utman_Uthman 
			Wannaqu_Inigo 
			Yahya_John Yakub_Jacob Yusuf_Joseph	
		}
		female_names = {
			Abijíl_Abigail Abril_April Adila Aghnis_Agnes Aïcha_Aisha Ajathan_Agatha Alksandara_Alexandra Aldonza_Aldonza Alfira_Elvira Alisia_Alice Amina_Amina Amna Ana_Anna Ánjila_Angela Antunya_Antonia Arwa Ayrin_Irene Aziza_Aziza
			Bahija Basira_Basira Basma Batul Biatris_Beatrix Biringhila_Berengaria Blanka_Blanche Boushra_Bushra Brídjita_Bridget Bulyna_Paula
			Dalal Danyilaa_Daniela Daniyah Durutia_Dorothy
			Fadila_Fadila Faiza_Faiza Farida_Farida Farah_Farah Fátima_Fatima Firunika_Veronica Frunilda_Fronilde
			Ghada Ghaliya Ghlurya_Gloria
			Habiba_Habiba Hadiyya Hafsa Halima_Halima Hanifa_Hanifa Hawa_Eve Huda Husna
			Ibtisam Ilyanur_Eleanor Isra Iyzabil_Elizabeth
			Jalila_Jalila Jamila_Jamila Janan Jawana_Jane Jinifir_Jennifer Jisika_Jessica Julia_Julia Juntruda_Gotruda
			Karima_Karima Khadija Khaymina_Ximena Klara_Clara Klawy_Chloe Kunistansa_Constance
			Lawla_Dolores Layla_Laila Lura_Laura Lusy_Lucia Luyz_Louise 
			Mafalda_Matilda Maha Malika_Malika Maríam_Mary Marina_Marina Marsidis_Mercedes Martina_Martina Mayur_Mayor Midha Milya_Emily Minsía_Mencia Munya
			Nafisa Natali_Natalie Njla Nawra 
			Uwlifia_Olivia
			Rafiqa Rakil_Rachel Ramlah Rana Rasa Rashida_Rashida Reyna_Regina Ridwana_Ridwana Rosa_Rosa
			Sadaf Safiyyah_Safiyyah Sahar_Sahar Saida_Saida Salha_Salha Samira_Samira Sansha_Sancha Sara_Sarah Shakira_Shakira Stifanía_Stephanie Sufya_Sophia Suzan_Susan
			Tahira_Tahira Taliba_Taliba Tamara_Tamar Tasnim Thana Tiriza_Theresa
			Urraka_Urraca Uzma
			Wahida_Wahida
			Yasmin_Jasmine Yujinia_Eugenia Yusra
			Zaynab_Zaynab			
		}
		from_dynasty_prefix = "del "
		
		male_patronym = "ibn "
		female_patronym = "ibn "
		prefix = yes
		
		allow_looting = yes
		
		pat_grf_name_chance = 50
		mat_grf_name_chance = 10
		father_name_chance = 30
		
		pat_grm_name_chance = 30
		mat_grm_name_chance = 15
		mother_name_chance = 45
		
		modifier = default_culture_modifier
	}
	fransi = {#arab on french turk work on these
		graphical_cultures = { frankishgfx westerngfx } #westerngfx
		unit_graphical_cultures = { egyptiangfx levantinegfx arabicgfx muslimgfx }
		
		color = { 0.3 0.7 0.45 }

		male_names = { # Broken Spanish mixed with Arabic
			Abbas_Abbas Abdalla_Abdullah Abdalaziz_Abdulaziz Abdalhakam_Abdulhakam Abdalhazm_Abdulhazm Abdalrahman_Abdalrahman Abdelrazzaq_Abdulrazzaq Abdal_Abdul Abu Adfuns_Alphonse Ahmed_Ahmad Alfaru_Alvar Ali_Ali Andirs_Andrew Antuniu_Anthony Ayyub_Job 
			Barmudu_Vermudo Barnardu_Bernard Bilal_Bilal Bilayu_Pelagius Bulu_Paul 
			Danyal_Daniel Dawud_David Diaku_Diaco
			Fadel_Fadl Fadrik_Frederick Filibi_Phillip Firnandu_Ferdinand Fransisku_Francis Fruayla_Froila
			Garsiya_Garcia
			Hafiir_Xavier Hakam_Hakam Hughu_Hugh
			Ibrahim_Abraham Ilyas_Elijah Imiliu_Emil Inriki_Henry Isa_Jesus Ismail_Ismail Istiban_Stephen
			Jawaakin_Joachim Jawmiz_Gomez Jil_Egidius Jiln_William Junzalu_Gonzalo Justafu_Gustav Jutiir_Walter
			Karlus_Charles Kristubal_Christopher Kuru_Francis 
			Leun_Leo Lubb_Lupo Luis_Louis 
			Manryk_Amalric Manuil_Emmanuel Markus_Mark Martyn_Martin Mathiu_Matthew Mighil_Michael Muhammed_Muhammad Muisa_Moses
			Nikulas_Nicholas Nynu_Nuno
			Ordunu_Ordono
			Pedru_Peter
			Rafayiyl_Raphael Ramiru_Ramiro Ramun_Raymond Rashid_Rashid Rudrighu_Roderick Rumiu_Romeo 
			Said_Said Sanyo_Sancho Siddray Salomón_Solomon 
			Tarik_Tariq
			Umar_Umar Utman_Uthman 
			Wannaqu_Inigo 
			Yahya_John Yakub_Jacob Yusuf_Joseph	
			Abbé-Faria_Abbe-Faria Abraracourcix_Abraracourcix Adamaï_Adamai Adrien_Adrian Aimery_Aymeric Aiwendil_Aiwendil Alaeddine_Alaeddin Alain_Alan Alatar_Alatar Albert_Albert Aldarion_Aldarion Alexandre_Alexander Alexis_Alexis Alphonse_Alphonse Amandil_Amandil Amaury_Amalric Amédée_Amadeus Amroth_Amroth Anárion_Anarion André_Andrew Anthony_Anthony Antoine_Anthony Arador_Arador Aragorn_Aragorn Aramis_Aramis Arathorn_Arathorn Arnaud_Arnold Arnault_Arnold Aronnax_Aronnax Arthur_Arthur Arvedui_Arvedui Astérix_Asterix Atanamir_Atanamir Atanatar_Atanatar Athos_Athos Aubry_Aubrey Axel_Axel Azaghâl_Azaghal
			Balin_Balin Bandobras_Bandobras Barahir_Barahir Barbicane_Barbicane Bard_Bard Barthélémi_Bartholomew Baudouin_Baldwin Beaufort_Beaufort Beleg_Beleg Benjamin_Benjamin Benoît_Benedict Bëor_Beor Beorn_Bjorn Beregond_Beregond Beren_Beren Bérenger_Berengar Bernard_Bernard Bertrand_Bertrand Bifur_Bifur Bilbon_Bilbon Bill_Bill Blaise-Pascal_Blaise-Pascal Bödvar_Bodvar Bofur_Bofur Bombur_Bombur Bór_Bor Boromir_Boromir Brandir_Brandir Bree_Bree Brego_Brego Bruno_Bruno
			Caderousse_Caderousse Calogrenant_Calogrenant Cambacérès_Cambaceres Camille-Desmoulins_Camille-Desmoulins Caspian_Caspian Cédric_Cedric Celebrimbor_Celebrimbor Celeborn_Celeborn Charles_Charles Chasseur-de-Truffes_Chasseur-de-Truffes Chirac_Chirac Christian_Christian Christophe_Christopher Cirion_Cirion Ciryatan_Ciryatan Claude_Claudius Clemenceau_Clemenceau Clément_Clement Clerval_Clerval Clopin_Clopin Clotaire_Lothar Clovis_Clovis Coluche_Coluche Condorcet_Condorcet Conseil_Conseil Coriakin_Coriakin Cousteau_Cousteau Curumo_Curumo Cyrus_Cyrus
			Dakkar_Dakkar D'Artagnan_D'Artagnan Dáin_Dain Damien_Damian Daniel_Daniel Dantès_Dantes Danton_Danton David_David DeGaulle_DeGaulle Denethor_Denethor Denis_Dionysus Descartes_Descartes Didier_Desiderius Digory_Digory Dimitri_Demetrius Dior_Dior Dominique_Dominic Dori_Dori Drinian_Drinian Durkheim_Durkheim Durin_Durin Dwalin_Dwalin
			Eärendil_Earendil Eärnil_Earnil Eärnur_Earnur Ecthelion_Ecthelion Edmond_Edmund Édouard_Edward Egalmoth_Egalmoth Eldacar_Eldacar Eldarion_Eldarion Elendil_Elendil Elfhelm_Elfhelm Elrond_Elrond Elros_Elros Émile_Emil Emmanuel_Emmanuel Enjolras_Enjolras Enzo_Enzo Éomer_Eomer Eorl_Earl Erkenbrand_Erkenbrand Éric_Erik Étienne_Stephen Eudes_Otto Eustace_Eustace
			Fabien_Fabian Fabrice_Fabrice Fantasio_Fantasio Faramir_Faramir Fauchelevent_Fauchelevent Fëanor_Feanor Felaróf_Felarof Félix-Faure_Félix-Faure Fernand_Ferdinand Fíli_Fili Finarfin_Finarfin Fingolfin_Fingolfin Fingon_Fingon Flopin_Flopin Florian_Florian Franck_Francis François_Francis Frédégar_Fredegar Frédéric_Frederick Frodon_Frodon
			Gabriel_Gabriel Galdor_Galdor Gandalf_Gandalf Gargamel_Gargamel Gaston_Gaston Gauthier_Walter Gavroche_Gavroche Geoffroy_Geoffrey Georges_George Gérard_Gerard Géraud_Gerard Gerontius_Gerontius Gilbert_Gilbert Gil-galad_Gilgalad Gilles_Egidius Gimli_Gimli Glóin_Gloin Glorfindel_Glorfindel Godefroy_Godfrey Gringoire_Gringoire Gripoil_Gripoil Grougaloragran_Grougaloragran Guillaume_William Guy_Guy Gwaihir_Gwaihir
			Haddock_Haddock Halbarad_Halbarad Haldir_Haldir Háma_Hama Harbert_Harbert Helm_Helm Henri_Henry Herbert_Herbert Hervé_Harvey Horn_Horn Huan Hugo_Hugh Huor_Huor Húrin_Hurin Hyarmendacil_Hyarmendacil 
			Idéfix_Idefix Imrahil_Imrahil Isildur_Isildur
			Jacques_Jacob Jacques-Yves_Jacques-Yves Jaspert_Jaspert Jean_John Jean-Baptiste_John-Baptist Jean-Claude_John-Claude Jean-Luc_John-Luke Jean-Pierre_John-Peter Jeanvaljean_Jeanvaljean Jérémy_Jeremiah Jérôme_Jerome Joël_Joel Joseph_Joseph Jules_Julius J-T-Maston_J-T-Maston Jules-César_Julius-Caesar Julien_Julian 
			Kenzo_Kenzo Kévin_Kevin Kíli_Kili 
			Lafayette_Lafayette Lanfeust_Lanfeust Laurent_Lawrence Legolas_Legolas Lidenbrock_Lidenbrock Léon_Leo Léonard_Leonard Lothaire_Lothar Louis_Louis Lucas_Luke Lucien_Lucian Ludovic_Louis
			Mablung_Mablung Maedhros_Maedhros Marc_Mark Marcel_Marcellus Marius_Marius Marquais_Marquais Mathieu_Matthew Maurice_Maurice Maxime_Maximus Meriadoc_Meriadoc Michel_Michael Minastir_Minastir Mitterrand_Mitterrand Mohammed_Muhammad Molière_Moliere Montaigne_Montaigne Montesquieu_Montesquieu Morrel_Morrel Myriel_Myriel
			Napoléon_Napoleon Ned-Land_Ned-Land Némo_Nemo Nicéphore_Nicephorus Nicolas_Nicholas Nicholl_Nicholas Nivacrin_Nivacrin Noirtier-de-Villefort_Noirtier-de-Villefort Norbert_Norbert Numérobis_Numerobis 
			Obélix_Obelix Ocatarinetabellatchitchix_Ocatarinetabellatchitchix Odoacer_Odoacer Óin_Oin Olivier_Oliver Olórin_Olorin Orodreth_Orodreth Orophin_Orophin Oscar_Oscar Ostoher_Ostoher
			Paladin_Paladin Pallando_Pallando Panoramix_Panoramix Passepartout_Passepartout Pasteur_Pasteur Patrice_Patrick Paul_Paul Pencroff_Pencroff Peregrïn_Peregrin Phileas-Fogg_Phileas-Fogg Philippe_Phillip Phoebus_Phoebus Picsou_Picsou Pierre_Peter Pompidou_Pompidou Pontmercy_Pontmercy Porthos_Porthos
			Quasimodo_Quasimodo Quentin_Quentin
			Radagast_Radagast Ramandu_Ramandu Raoul_Ralph Raphaël_Raphael Raymond_Raymond Raynaud_Reynold Renaud_Reynold Renard_Renard René_Renatus Richard_Richard Rillian_Rillian Ripitchip_Ripitchip Roland_Roland Robert_Robert Robin_Robin Robur_Robur Roger_Roger Roheryn_Roheryn Romain_Roman Rousseau_Rousseau Ruel_Ruel
			Saint-Just_Saint-Just Salomon_Solomon Samsagace_Samsagace Sartre_Sartre Sébastien_Sebastian Serge_Sergius Siéyès_Sieyes Simon_Simon Sméagol_Smeagol Spirou_Spirou Stéphane_Stephen Sylvain_Silvanus Sylvebarbe_Sylvebarbe
			Thengel_Thengel Théo_Theodore Théoden_Theoden Théodred_Theodred Thibault_Theobald Thierry_Theodoric Thingol_Thingol Thomas_Thomas Thorgal_Thorgal Thorin_Thorin Thorondor_Thorondor Thráin_Thrain Thranduil_Thranduil Thrór_Thror Timothé_Timothy Tintin_Tintin Tirian_Tirian Tocqueville_Tocqueville Tom-Bombadil_Tom-Bombadil Tréville_Treville Tristepin_Tristepin Trompillon_Trompillon Tumnus_Tumnus Tuor_Tuor Turgon_Turgon Túrin_Turin
			Valacar_Valacar Valéry-Giscard-d'Estaing_Valery-Giscard-d'Estaing Vercingétorix_Vercingetorix Victor_Victor Vincent_Vincent Vlad_Vladimir Voltaire_Voltaire
			Waldman_Waldman Walton_Walton Wiglaf_Wiglaf
			Xavier_Xavier
			Yugo Yves_Yves
			Zain_Zain Zidane_Zaydan Zinédine_Zaynaddin Zola_Zola
		}
		female_names = {
			Abijíl_Abigail Abril_April Adila Aghnis_Agnes Aïcha_Aisha Ajathan_Agatha Alksandara_Alexandra Aldonza_Aldonza Alfira_Elvira Alisia_Alice Amina_Amina Amna Ana_Anna Ánjila_Angela Antunya_Antonia Arwa Ayrin_Irene Aziza_Aziza
			Bahija Basira_Basira Basma Batul Biatris_Beatrix Biringhila_Berengaria Blanka_Blanche Boushra_Bushra Brídjita_Bridget Bulyna_Paula
			Dalal Danyilaa_Daniela Daniyah Durutia_Dorothy
			Fadila_Fadila Faiza_Faiza Farida_Farida Farah_Farah Fátima_Fatima Firunika_Veronica Frunilda_Fronilde
			Ghada Ghaliya Ghlurya_Gloria
			Habiba_Habiba Hadiyya Hafsa Halima_Halima Hanifa_Hanifa Hawa_Eve Huda Husna
			Ibtisam Ilyanur_Eleanor Isra Iyzabil_Elizabeth
			Jalila_Jalila Jamila_Jamila Janan Jawana_Jane Jinifir_Jennifer Jisika_Jessica Julia_Julia Juntruda_Gotruda
			Karima_Karima Khadija Khaymina_Ximena Klara_Clara Klawy_Chloe Kunistansa_Constance
			Lawla_Dolores Layla_Laila Lura_Laura Lusy_Lucia Luyz_Louise 
			Mafalda_Matilda Maha Malika_Malika Maríam_Mary Marina_Marina Marsidis_Mercedes Martina_Martina Mayur_Mayor Midha Milya_Emily Minsía_Mencia Munya
			Nafisa Natali_Natalie Njla Nawra 
			Uwlifia_Olivia
			Rafiqa Rakil_Rachel Ramlah Rana Rasa Rashida_Rashida Reyna_Regina Ridwana_Ridwana Rosa_Rosa
			Sadaf Safiyyah_Safiyyah Sahar_Sahar Saida_Saida Salha_Salha Samira_Samira Sansha_Sancha Sara_Sarah Shakira_Shakira Stifanía_Stephanie Sufya_Sophia Suzan_Susan
			Tahira_Tahira Taliba_Taliba Tamara_Tamar Tasnim Thana Tiriza_Theresa
			Urraka_Urraca Uzma
			Wahida_Wahida
			Yasmin_Jasmine Yujinia_Eugenia Yusra
			Zaynab_Zaynab			
			Aaricia_Aaricia Adèle_Adela Aerin_Aerin Agathe_Agatha Agnès_Agnes Alice_Alice Alberta_Alberta Aliénor_Eleanor Alix_Alice Amalie_Amelia Amarië_Amarie Amélie_Amelia Anaïs_Anna Anastasie_Anastasia Ancalimë_Ancalime Andrée_Andrea Anne_Anna Annick_Anna Annie_Anna Antoinette_Antonia Aouda Aredhel Arwen Audrey Aurélie_Aurelia Aurore_Aurora
			Baie-d'Or_Baie-d'Or Béatrice_Beatrix Belladonna Benoîte_Benedicta Bérengère_Berengaria Bernadette Blanche_Blanche Bonemine_Bonemine Brigitte_Bridget 
			Camilla_Camilla Caroline_Caroline Catherine_Catherine Cécile_Cecilia Celebrían_Celebrian Céline_Celine Cendrillon_Cendrillon Chantal Charlotte_Charlotte Chloé_Chloe Christelle_Christina Christine_Christina Cixi_Cixi Claire_Clara Claudette_Claudia Claudine_Claudia Cléopâtre_Cleopatra Clotilde_Clotilde Colette_Nicole Constance_Constance Corinne_Corinne Cosette_Cosette
			Dalida_Delilah Danielle_Daniela Delphine_Delphine Denise_Denise Dís_Dis Dominique_Dominique 
			Eärwen_Earwen Edith_Edith Éléonore_Eleanor Elely Elenwë_Elenwe Eliane_Helen Elisabeth_Elizabeth Elise_Elizabeth Élodie_Alodia Elwing_Elwing Emma_Emma Emmanuelle_Emanuela Émilie_Emily Éowyn_Eowyn Éponine_Eponine Erendis Esméralda_Esmeralda Estella Eugénie_Eugenia Eve_Eve Evangelyne_Evangelia Evelyne_Aveline
			Falbala_Falbala Fantine_Fantine Fatima_Fatima Finduilas_Finduilas Fleur-de-Lys_Fleur-de-Lys Florence_Florence Françoise_Frances
			Galadriel_Galadriel Geneviève_Genevieve Germaine_Germana Georgette_Georgia Gilraen_Gilraen Ginette_Genevieve Gisèle_Gisela Gwendolen
			Haleth Haydée Hélène_Helen Héloise_Eloise Henriette_Henriette Hermione_Hermine Hild_Hilda Hwin_Hwin 
			Idril_Idril Indis_Indis Ioreth_Ioreth Isabelle_Elizabeth 
			Jacqueline_Jacqueline Javotte_Genevieve Jeanne_Jane Jeanne-d'Arc_Jeanne-d'Arc Jeannine_Jane Jill_Jill Joséphine_Josephine Josette_Josephine Josiane_Josephine Judith_Judith Julie_Julia Julienne_Juliana Juliette_Julia Justine_Justina 
			Karine_Catherine
			Laetitia_Letitia Lalaith_Lalaith Laura_Laura Laurence_Laurentia Laurette_Laurentia Léa_Leah Lilliandil_Lilliandil Lobelia_Lobelia Lothíriel_Lothiriel Louise_Louise Louve_Louve Lucie_Lucia Lucienne_Luciana Lucy_Lucia Lúthien_Luthien 
			Madeleine_Madeline Malefique_Malefique Manon Marcelle_Marcella Marine_Marina Marion_Mary Margot_Margaret Marguerite_Margaret Maria_Mary Marie_Mary Marie-Antoinette_Marie-Antoinette Marie-Curie_Marie-Curie Marie-Louise_Marie-Louise Marie-Thérèse_Marie-Theresa Martine_Martina Mathilde_Matilda Meg_Margaret Mélanie_Melanie Melian_Melian Mélusine_Melusine Mercédès_Mercedes Michèle_Michelle Miranda_Miranda Mireille_Mireille Monique_Monica
			Nadia_Nadezhda Nadine_Nadezhda Nathalie_Natalie Nerdanel Nicole_Nicole Nienor_Nienor Níniel_Niniel 
			Odette
			Patricia_Patricia Paulette_Paula Pauline_Paula Polly_Mary Primula_Primula Prunaprismia_Prunaprismia 
			Raymonde_Ramona Renée_Renata Rían_Rian Rose_Rosa
			Sandrine_Alexandra Sarah_Sarah Ségolène_Segolene Silmarien_Silmarien Simone_Simone Solène_Solange Sophie_Sophia Stéphanie_Stephanie Suzanne_Susan Sybille_Sibyl Sylvie_Silvia
			Telperien_Telperien Théodwyn_Theodwyn Thérèse_Theresa Tinúviel_Tinuviel 
			Vairë_Vaire Valérie_Valeria Vanimeldë_Vanimelde Varda_Rosa Véronique_Veronica Virginie_Virginia
			Yavanna_Yavanna Yvette_Yvonne Yvonne_Yvonne
		}
		from_dynasty_prefix = "del "
		
		male_patronym = "ibn "
		female_patronym = "ibn "
		prefix = yes
		
		allow_looting = yes
		
		pat_grf_name_chance = 50
		mat_grf_name_chance = 10
		father_name_chance = 30
		
		pat_grm_name_chance = 30
		mat_grm_name_chance = 15
		mother_name_chance = 45
		
		modifier = default_culture_modifier
	}
	siqili = { #arab on southern italian turk work on these
		graphical_cultures = { italiangfx southerngfx westerngfx } #westerngfx
		unit_graphical_cultures = { egyptiangfx levantinegfx arabicgfx muslimgfx }
		
		color = { 0.4 0.95 0.25 }

		male_names = { # Broken Spanish mixed with Arabic
			Abbas_Abbas Abdalla_Abdullah Abdalaziz_Abdulaziz Abdalhakam_Abdulhakam Abdalhazm_Abdulhazm Abdalrahman_Abdalrahman Abdelrazzaq_Abdulrazzaq Abdal_Abdul Abu Adfuns_Alphonse Ahmed_Ahmad Alfaru_Alvar Ali_Ali Andirs_Andrew Antuniu_Anthony Ayyub_Job 
			Barmudu_Vermudo Barnardu_Bernard Bilal_Bilal Bilayu_Pelagius Bulu_Paul 
			Danyal_Daniel Dawud_David Diaku_Diaco
			Fadel_Fadl Fadrik_Frederick Filibi_Phillip Firnandu_Ferdinand Fransisku_Francis Fruayla_Froila
			Garsiya_Garcia
			Hafiir_Xavier Hakam_Hakam Hughu_Hugh
			Ibrahim_Abraham Ilyas_Elijah Imiliu_Emil Inriki_Henry Isa_Jesus Ismail_Ismail Istiban_Stephen
			Jawaakin_Joachim Jawmiz_Gomez Jil_Egidius Jiln_William Junzalu_Gonzalo Justafu_Gustav Jutiir_Walter
			Karlus_Charles Kristubal_Christopher Kuru_Francis 
			Leun_Leo Lubb_Lupo Luis_Louis 
			Manryk_Amalric Manuil_Emmanuel Markus_Mark Martyn_Martin Mathiu_Matthew Mighil_Michael Muhammed_Muhammad Muisa_Moses
			Nikulas_Nicholas Nynu_Nuno
			Ordunu_Ordono
			Pedru_Peter
			Rafayiyl_Raphael Ramiru_Ramiro Ramun_Raymond Rashid_Rashid Rudrighu_Roderick Rumiu_Romeo 
			Said_Said Sanyo_Sancho Siddray Salomón_Solomon 
			Tarik_Tariq
			Umar_Umar Utman_Uthman 
			Wannaqu_Inigo 
			Yahya_John Yakub_Jacob Yusuf_Joseph	
			Abbramu_Abraham Achilli_Achilles Adriano_Adrian Alberto_Albert Alessio_Alexis Alfio_Alphaeus Alfonso_Alphonse Alissandru_Alexander Ambroggiu_Ambrose Anastasiu_Anastasius Angelo_Angel Andrìa_Andrew Annibbali_Hannibal Antonio_Anthony Antuninu_Antoninus Arcadiu_Arcadius Arrammundu_Raymond Aronni_Aaron Augustu_Augustus Aurelio_Aurelius
			Basilèu_Basil Binidittu_Benedict Benvenuto Bernardo_Bernard Biagio_Blaise Bonifacio_Boniface Bruno_Bruno 
			Calogero Carlo_Charles Carmelo_Carmel Cesare_Caesar Chiaffredo_Theofredus Ciro_Cyrus Clàudiu_Claudius Clemente_Clement Corràdu_Konrad Costantìnu_Constantine Cristòfuru_Christopher Cabbrieli_Gabriel Caiu_Gaius Custanti_Constans
			Damiano_Damian Dariu_Darius Davide_David Demetriu_Demetrius Diegu_Diaco Domenico_Dominic Diuclezzianu_Diocletian Dumizzianu_Domitian 
			Eduardo_Edward Elio_Helios Emanuele_Emmanuel Emilio_Emil Enrico_Henry Enzo_Enzo Erculi_Hercules Ettore_Hector Eugenio_Eugene Eziu_Aetius 
			Fabritziu_Fabrice Fausto_Faustus Federigo_Frederick Ferdinando_Ferdinand Ferruccio Filippo_Phillip Finu Francesco_Francis Fraviu_Flavius
			Gabriele_Gabriel Gajetànu_Caietanus Gaspare_Caspar Gastone_Gaston Ginnaru_Januarius Gesualdo Giacomo_Jacob Gian_John Gianfranco Gianleone Giano_John Gigi_Louis Gilberto_Gilbert Giordano_Jordan Giorgio_George Giovanni_John Giuliu_Julius Giuseppe_Joseph Giustinianu_Justinian Goffredo_Godfrey Gramigna Gregorio_Gregory Gugghiermu_William Giulianu_Julian Gòsamu_Cosmas Grazzianu_Gratian
			Ignazio_Ignatius Innocenzo_Innocent Ipàzziu_Hypatius Ireneu_Irenaeus
			Janu_Sebastian Jeli
			Kevin_Kevin
			Làzzaru_Lazarus Leonardo_Leonard Leone_Leo Leopoldo_Leopold Libero Liviu_Livius Ludovico_Louis Larentu_Lawrence Luca_Luke Luciu_Lucius Luigi_Louis Lisciànniru_Alexander
			Manuele_Emmanuel Marco_Mark Mario_Marius Martino_Martin Màssimu_Maximus Matteo_Matthew Michelangelo Maumettu_Muhammad Miceli_Michael Mirko_Miroslav
			Nanni_John Nappa Nicolò_Nicholas Nicola_Nicholas Nino_Antoninus Ntoni_Anthony
			Ottavio_Octavius Orazziu_Horace Ottavianu_Octavian
			Paolo_Paul Pasquale_Pascal Peppe_Joseph Peppe-Nappa Pietro_Peter Piu_Pius Pòlitu_Hippolytus
			Renato_Renatus Riccardo_Richard Roberto_Robert Romano_Roman Ròmulu_Romulus Rosario Rosso Rudrigu_Roderick
			Salvatore_Salvador Sante_Sancho Sarbaturi_Salvador Saverio_Xavier Sebastianu_Sebastian Sergio_Sergius Silvano_Silvanus Silvestro_Silvester Simone_Simon Sòcrati_Socrates Stèfanu_Stephen 
			Tiòfilu_Theophilus Tommaso_Thomas Turi Turiddu Teodoru_Theodore Teodosiu_Theodosius Tibberiu_Tiberius Tiuduricu_Theodoric Traianu_Trajan Tulliu_Tullius Tulumeu_Ptolemy
			Ugo_Hugh Umberto_Humbert
			Valentino_Valentine Valerio_Valerius Vartulumèu_Bartholomew Vincenzo_Vincent Vincislau_Vaclav Vittorio_Victor
		}
		female_names = {
			Abijíl_Abigail Abril_April Adila Aghnis_Agnes Aïcha_Aisha Ajathan_Agatha Alksandara_Alexandra Aldonza_Aldonza Alfira_Elvira Alisia_Alice Amina_Amina Amna Ana_Anna Ánjila_Angela Antunya_Antonia Arwa Ayrin_Irene Aziza_Aziza
			Bahija Basira_Basira Basma Batul Biatris_Beatrix Biringhila_Berengaria Blanka_Blanche Boushra_Bushra Brídjita_Bridget Bulyna_Paula
			Dalal Danyilaa_Daniela Daniyah Durutia_Dorothy
			Fadila_Fadila Faiza_Faiza Farida_Farida Farah_Farah Fátima_Fatima Firunika_Veronica Frunilda_Fronilde
			Ghada Ghaliya Ghlurya_Gloria
			Habiba_Habiba Hadiyya Hafsa Halima_Halima Hanifa_Hanifa Hawa_Eve Huda Husna
			Ibtisam Ilyanur_Eleanor Isra Iyzabil_Elizabeth
			Jalila_Jalila Jamila_Jamila Janan Jawana_Jane Jinifir_Jennifer Jisika_Jessica Julia_Julia Juntruda_Gotruda
			Karima_Karima Khadija Khaymina_Ximena Klara_Clara Klawy_Chloe Kunistansa_Constance
			Lawla_Dolores Layla_Laila Lura_Laura Lusy_Lucia Luyz_Louise 
			Mafalda_Matilda Maha Malika_Malika Maríam_Mary Marina_Marina Marsidis_Mercedes Martina_Martina Mayur_Mayor Midha Milya_Emily Minsía_Mencia Munya
			Nafisa Natali_Natalie Njla Nawra 
			Uwlifia_Olivia
			Rafiqa Rakil_Rachel Ramlah Rana Rasa Rashida_Rashida Reyna_Regina Ridwana_Ridwana Rosa_Rosa
			Sadaf Safiyyah_Safiyyah Sahar_Sahar Saida_Saida Salha_Salha Samira_Samira Sansha_Sancha Sara_Sarah Shakira_Shakira Stifanía_Stephanie Sufya_Sophia Suzan_Susan
			Tahira_Tahira Taliba_Taliba Tamara_Tamar Tasnim Thana Tiriza_Theresa
			Urraka_Urraca Uzma
			Wahida_Wahida
			Yasmin_Jasmine Yujinia_Eugenia Yusra
			Zaynab_Zaynab			
			Adelaidi_Adelaide Adriana_Adriana Àgata_Agatha Agostina_Augustina Alessandra_Alexandra Alice_Alice Alissia_Alexia Amelia_Amelia Anastazia_Anastasia Àncila_Angela Anna_Anna Antonia_Antonia Augusta_Augusta Aurilia_Aurelia Ausilia Atalanta
			Bàrbara_Barbara Beatrice_Beatrix Benedetta_Benedicta Berenice Bianca_Blanche Bricida_Bridget 
			Camilla_Camilla Carla_Caroline Catirina_Catherine Cecilia_Cecilia Chiara_Clara Cleopatra Claudia_Claudia Cornelia_Cornelia  
			Dumìnica_Dominique Durutea_Dorothy
			Elena_Helen Eleonura_Eleanor Elisa_Elizabeth Elisabetta_Elizabeth Eugenia_Eugenia
			Fausta_Fausta Filippa_Philippa Fiurenza_Florence Flavia Flora_Flora Fortunata_Fortunata Francesca_Frances 
			Gabriella_Gabriela Giorgia_Georgia Giovanna_Jane Giulia_Julia
			Imma_Emma Ireni_Irene Isabella_Elizabeth 
			Laura_Laura Lavinia Letizia_Letitia Lìa_Leah Lidia_Lydia Livia Lucìa_Lucia 
			Magdalèna_Madeline Marcella_Marcella Marghirita_Margaret Marìa_Mary Marta_Martha Matilda_Matilda Mònica_Monica 
			Natalia_Natalie
			Paola_Paula Patrizia_Patricia Proserpina Pulchera_Pulcheria
			Renata_Renata Rosa_Rosa 
			Silvana_Silvana Sufìa_Sophia Stefania_Stephanie 
			Teresa_Theresa Tiziana_Tatiana Tosca
			Urrica_Ulrike Ùrsula_Ursula
			Valentina_Valentina Virginia_Virginia
		}
		from_dynasty_prefix = "del "
		
		male_patronym = "ibn "
		female_patronym = "ibn "
		prefix = yes
		
		allow_looting = yes
		
		pat_grf_name_chance = 50
		mat_grf_name_chance = 10
		father_name_chance = 30
		
		pat_grm_name_chance = 30
		mat_grm_name_chance = 15
		mother_name_chance = 45
		
		modifier = default_culture_modifier
	}
	libyan = { 
		graphical_cultures = { berbergfx arabicgfx muslimgfx }
		unit_graphical_cultures = { egyptiangfx levantinegfx arabicgfx muslimgfx }
		
		color = { 0.2 0.9 0.4 }

		male_names = {
			Abbas_Abbas Abdel_Abdul Abdelazim_Abdulazim Abdelhalim_Abdulhalim Abdelkarim_Abdalkarim Abderahman_Abdalrahman Abdellah_Abdullah Abidin Adam_Adam Adil_Adil Ahmed_Ahmad Aladin_Alaeddin Ali_Ali Amawal Amin_Amin Anwar_Anwar Arafa Asad_Asad Ashraf_Ashraf Ayman_Ayman Ayyub_Job Azim_Azim Azrur 
			Bashir_Bashir Barak_Barak Berkan Bilal_Bilal 
			Danyal_Daniel Dawud_David 
			Fahd_Fahd Fareed_Farid Fath_Fath Fayez_Fayiz Fouad_Fuad 
			Ghanim Ghumer Gildun 
			Habib_Habib Hafiz_Hafiz Haidar_Haidar Hakim_Hakim Hamad_Hamad Harun_Aaron Hashim_Hashim Hassan_Hasan Hussein_Hussayn 
			Ibrahim_Abraham Ilyas_Elijah Imbarek Ismail_Ishmael Ishaq_Isaac Islam_Islam Iskander_Alexander Issam_Isam Idris_Idris
			Jaffar_Jafar Jalil_Jalil Jamal_Jamal Jawad_Jawad Jibril_Gabriel 
			Kamal_Kamal Kasim_Qasim Khalid_Khalid Khidr_Khidr 
			Mahmud_Mahmud Malik_Malik Mansur_Mansur Marwan_Marwan Matiya_Matthew Mohamed_Muhammad Muhammad_Muhammad Mukhtar Murad_Murad Musa_Moses Mustafa_Mustafa 
			Nader_Nadir Najib_Najib Nasir_Nasir Nuh_Noah 
			Omar_Umar Osman_Uthman
			Ramadan_Ramadan Rashid_Rashid Rauf_Rauf 
			Sadiq_Sadiq Said_Said Salah_Salah Salim_Salim Salman_Solomon Samir_Samir Sharif_Sharif Sulayman_Solomon Sultan_Sultan 
			Tahir_Tahir Talib_Talib Tariq_Tariq Tifan_Theophanus Tiljad 
			Umar_Umar
			Wahab_Wahab Wahid_Wahid Walid_Walid
			Yahya_John Yaqub_Jacob Yiliyen_Julian Younes_Jonah Yusuf_Joseph 
			Zafir_Zafar Zayn_Zain Zubeyr
		}
		female_names = {
			Adila Aisha_Aisha Amina_Amina Amna Arwa Aziza_Aziza
			Bahija Basira_Basira Basma Batul Bouchra_Bushra
			Dalal Daniyah
			Fadila_Fadila Faiza_Faiza Farida_Farida Farah_Farah Fatima_Fatima 
			Ghada Ghaliya
			Habiba_Habiba Hadiyya Hafsa Halima_Halima Hanifa_Hanifa Hawa_Eve Huda Husna
			Ibtisam Isra
			Jalila_Jalila Jamila_Jamila Janan
			Karima_Karima Khadija
			Layla_Laila 
			Maha Malika_Malika Maryam_Mary Midha Munya
			Nafisa Njla Nawra 
			Rafiqa Ramlah Rana Rasa Rashida_Rashida Ridwana_Ridwana
			Sadaf Safiyyah_Safiyyah Sahar_Sahar Saida_Saida Salha_Salha Samira_Samira Sara_Sarah Sawsan_Susan Shakira_Shakira
			Tahira_Tahira Taliba_Taliba Tasnim Thana
			Uzma
			Wahida_Wahida
			Yasmin_Jasmine Yusra
			Zaynab_Zaynab
		}
		from_dynasty_prefix = "mn "
		
		male_patronym = "ibn "
		female_patronym = "bint "
		prefix = yes
		
		
		allow_looting = yes
		seafarer = yes

		modifier = default_culture_modifier

		pat_grf_name_chance = 60
		mat_grf_name_chance = 20
		father_name_chance = 10
		
		pat_grm_name_chance = 40
		mat_grm_name_chance = 20
		mother_name_chance = 30
	}
	algerian = { #Modern Algerian names with a few others added in for lore
		graphical_cultures = { berbergfx arabicgfx muslimgfx }
		unit_graphical_cultures = { egyptiangfx levantinegfx arabicgfx muslimgfx }
		
		color = { 0.4 0.9 0.2 }

		male_names = {
			Abbas_Abbas Abdel_Abdul Abdelazim_Abdulazim Abdelbaki_Abdulbaqi Abdelhalim_Abdulhalim Abdelkrim_Abdalkarim Abderrahmane_Abdalrahman Abdellah_Abdullah Abdelmoumene_Abdalmumin Adnane_Adnan Ahmed_Ahmad Alaeddin_Alaeddin Ali_Ali Amine_Amin Amor_Umar Anouar_Anwar
			Barakat_Barak Béchir_Bashir Billel_Bilal Boualem Brahim_Abraham 
			Chafik_Shafiq Cheikh_Sheikh Chérif_Sharif Choukri_Shukri
			Djafar_Jafar Djalil_Jalil Djamel_Jamal Driss_Idris
			El-Arabi_Arab Elyès_Elijah Essaïd_Said
			Farès_Faris Fayçal_Faysal
			Hacène_Hasan Hadj_Hajj Hafid_Hafiz Haidar_Haidar Hamad_Hamad Hassane_Hasan Hichem_Hisham Hocine_Hussayn Houari_Hawari 
			Ilies_Elijah Islem_Islam Ismaïl_Ishmael
			Kaddour Kheireddine_Khairaddin 
			Lahcène_Hasan Lyes_Elijah
			Madani Madjid_Majid Mahieddine Malik_Malik Marouane_Marwan Mehdi_Mahdi Mohammed_Muhammad Mokhtar_Mukhtar Mourad_Murad Mousa_Moses Moustafa_Mustafa 
			Nacer_Nasir Nadjib_Najib Nouh_Noah 
			Omar_Umar Ostoher_Ostoher Ouahid_Wahid Oualid_Walid Oussama_Usama
			Rachide_Rashid Rafik_Rafiq Ramdane_Ramadan Rédouane_Ridwan
			Saddek_Sadiq Salah_Salah Seghir_Saghir Smaïn_Ishmael Sofyane_Sufyan Souleymane_Solomon 
			Tahar_Tahir Taïeb_Tayyib Tariq_Tariq
			Yahya_John Yasine_Yasin Youness_Jonah Youcef_Joseph 
			Zafir_Zafar Zakarya_Zachary Zeine_Zain Zinédine_Zaynaddin			
		}
		female_names = {
			Adila Aïcha_Aisha Amina_Amina Amna Arwa Aziza_Aziza
			Bahija Basira_Basira Basma Batul Bouchra_Bushra
			Dalal Daniyah
			Fadila_Fadila Faiza_Faiza Falbala_Falbala Farida_Farida Farah_Farah Fatima_Fatima 
			Ghada Ghaliya
			Habiba_Habiba Hadiyya Hafsa Halima_Halima Hanifa_Hanifa Hawa_Eve Huda Husna
			Ibtisam Isra
			Jalila_Jalila Jamila_Jamila Janan
			Karima_Karima Khadija
			Layla_Laila 
			Maha Malika_Malika Maryam_Mary Midha Munya
			Nafisa Njla Nawra 
			Rafiqa Ramlah Rana Rasa Rashida_Rashida Rían_Rian Ridwana_Ridwana
			Sadaf Safiyyah_Safiyyah Sahar_Sahar Saida_Saida Salha_Salha Samira_Samira Sara_Sarah Sawsan_Susan Shakira_Shakira
			Tahira_Tahira Taliba_Taliba Tasnim Thana
			Uzma
			Wahida_Wahida
			Yasmin_Jasmine Yusra
			Zaynab_Zaynab			
		}
		from_dynasty_prefix = "mn "
		
		male_patronym = "ibn "
		female_patronym = "bint "
		prefix = yes
				
		allow_looting = yes
		seafarer = yes

		modifier = default_culture_modifier

		pat_grf_name_chance = 60
		mat_grf_name_chance = 20
		father_name_chance = 10
		
		pat_grm_name_chance = 40
		mat_grm_name_chance = 20
		mother_name_chance = 30
	}
	tunisian = { 
		graphical_cultures = { berbergfx arabicgfx muslimgfx }
		unit_graphical_cultures = { egyptiangfx levantinegfx arabicgfx muslimgfx }
		
		color = { 0.2 0.9 0.2 }

		male_names = {
			Abbas_Abbas Abdel_Abdul Abdelazim_Abdulazim Abdelhalim_Abdulhalim Abdelkarim_Abdalkarim Abderrahmane_Abdalrahman Abdellah_Abdullah Achref_Ashraf Adam_Adam Ahmed_Ahmad Alaeddin_Alaeddin Ali_Ali Amine_Amin Amor_Umar Anouer_Anwar Asad_Asad Azim_Azim Azrur 
			Barakat_Barak Bechir_Bashir Bilel_Bilal Brahim_Abraham 
			Chaker_Shakir Chamseddine Chérif_Sharif
			Djalil_Jalil Driss_Idris
			Elyas_Elijah
			Fahd_Fahd Fethi_Fath Foued_Fuad
			Hacène_Hasan Hafid_Hafiz Haidar_Haidar Hamad_Hamad Hassen_Hasan Hichem_Hisham Hocine_Hussayn 
			Islem_Islam Ismail_Ishmael Issam_Isam
			Jaffar_Jafar Jamal_Jamal Jaouad_Jawad 
			Kamel_Kamal Khalid_Khalid Khidr_Khidr 
			Malik_Malik Marouene_Marwan Matiya_Matthew Mehdi_Mahdi Mohammed_Muhammad Mokhtar_Mukhtar Mourad_Murad Mousa_Moses Moustafa_Mustafa 
			Nasir_Nasir Néjib_Najib 
			Omar_Umar Oualid_Walid Oussema_Usama
			Rached_Rashid Radhouane_Ridwan
			Said_Said Salah_Salah Slim_Salim Sofiene_Sufyan Souleymane_Solomon 
			Tahir_Tahir Tariq_Tariq Tifan_Theophanus 
			Yahya_John Yiliyen_Julian Younes_Jonah Youcef_Joseph 
			Zafir_Zafar Zakarya_Zachary Zayar Zeine_Zain Zinédine_Zaynaddin
		}
		female_names = {
			Adila Aïcha_Aisha Amina_Amina Amna Arwa Aziza_Aziza
			Bahija Basira_Basira Basma Batul Bouchra_Bushra
			Dalal Daniyah
			Fadila_Fadila Faiza_Faiza Farida_Farida Farah_Farah Fatima_Fatima 
			Ghada Ghaliya
			Habiba_Habiba Hadiyya Hafsa Halima_Halima Hanifa_Hanifa Hawa_Eve Huda Husna
			Ibtisam Isra
			Jalila_Jalila Jamila_Jamila Janan
			Karima_Karima Khadija
			Layla_Laila 
			Maha Malika_Malika Maryam_Mary Midha Munya
			Nafisa Njla Nawra 
			Rafiqa Ramlah Rana Rasa Rashida_Rashida Ridwana_Ridwana
			Sadaf Safiyyah_Safiyyah Sahar_Sahar Saida_Saida Salha_Salha Samira_Samira Sara_Sarah Sawsan_Susan Shakira_Shakira
			Tahira_Tahira Taliba_Taliba Tasnim Thana
			Uzma
			Wahida_Wahida
			Yasmin_Jasmine Yusra
			Zaynab_Zaynab
		}
		from_dynasty_prefix = "mn "
		
		male_patronym = "ibn "
		female_patronym = "bint "
		prefix = yes
						
		allow_looting = yes
		seafarer = yes

		modifier = default_culture_modifier

		pat_grf_name_chance = 60
		mat_grf_name_chance = 20
		father_name_chance = 10
		
		pat_grm_name_chance = 40
		mat_grm_name_chance = 20
		mother_name_chance = 30
	}
}
