malay_group = {
	alternate_start = {
		NOR = {
			has_alternate_start_parameter = { key = special_culture value = animal_world }
			has_alternate_start_parameter = { key = special_culture value = alien_world }
			has_alternate_start_parameter = { key = special_culture value = animal_alien_world }
		}
	}
	graphical_cultures = { bodpagfx mongolgfx indiangfx muslimgfx }

	banjar = {
		graphical_cultures = { indonesiangfx malaygfx indiangfx muslimgfx }
		secondary_event_pictures = bedouin_arabic
		
		color = { 0.6 0.3 0.4 }
	
		male_names = {
			Abas_Abbas Abdul-Aziz_Abdulaziz Abdul-Djafar_Abduljafar Abdul-Hamid_Abdulhamid Abdul-Jalil_Abduljalil Abdul-Majid_Abdulmajid Abdul-Rahman_Abdalrahman Abdullah_Abdullah Abubakar_Abubakr Ahmad_Ahmad Adam_Adam Adnan_Adnan Akmal_Akmal Alam_Alam Alauddin_Alaeddin Ali_Ali Amar_Amar Amrullah_Amrullah Andak Antah Aqil_Aqil Arifin_Arifin Ashraf_Ashraf Ataullah_Ataullah Azlan_Aslan
			Badri_Badri Badrul Basyir_Bashir Borhan_Burhan Brasen Burhanuddin_Burhanuddin 
			Dahlan Darwish_Dervish Daud_David Demang Dzulqarnain 
			Elyas_Elijah Emran_Imran
			Fadlan_Fadlan Fadzil_Fadl Faisal_Faysal Faizuddin Fariq_Fariq 
			Ghiatuddin_Ghiyasuddin 
			Hafidz_Hafiz Hakiem_Hakim Halim_Halim Hamzah_Hamza Haron_Aaron Harris_Harith Hashim_Hashim Hassan_Hasan Hassanal Haziq_Haziq Hussain_Hussayn 
			Ibrahim_Abraham Idrus_Idris Ikhsan_Ihsan Ishak_Isaac Iskandar_Alexander Ismail_Ishmael Izzuddin 
			Karim_Karim Kassim_Qasim
			Jaafar_Jafar Jamaluddin Jamil_Jamil Jasin_Yasin Jati
			Kadir_Qadir Kamaluddin Kamaruzaman Kasim_Qasim Khalil_Khalil
			Mahathir Mahmud_Mahmud Mansur_Mansur Mazlan_Aslan Mohamad_Muhammad Muhammad_Muhammad Muhriz Muhyiddin Mukarram Munawir Musa_Moses Muzaffar_Muzaffar Muzzil
			Najwan Naquiyuddin Nasrullah Naufal_Nawfal Nazrin Noh_Noah
			Osman_Uthman 
			Pendekar Putra
			Raffi_Rafi Rashid_Rashid Ramdzan_Ramadan Rayyan_Rayyan Riayatuddin Ridhuan_Ridwan
			Said_Said Safruddin Sahril Sahruddin Salahuddin_Saladin Salleh_Salih Samsuddin Samsul_Shamsul Sarafuddin Sirajuddin Sulaiman_Solomon Syarif_Sharif 
			Taib_Tayyib Tajuddin Tahir_Tahir Taufik_Tawfiq Tuah 
			Umar_Umar 
			Yahya_John Yunus_Jonah Yusniarsyah Yusransyah Yusuf_Joseph 
			Zainal-Abidin Zainal-Arifin Zarif Zikri
		}
		female_names = {
			Aayizah	Afzan Aisyah_Aisha Alya Amara Aminah_Amina Arianna Arissa Asma Atbah Auliya Aura Azizah_Aziza 
			Badariah Bahiyah Bariah Budriah
			Dhia
			Fatima_Fatima Fatimatuz_Fatima Fauziah Fazira 
			Hairiah Hannah_Hannah Hasmah Humaira 
			Ilisha Ilma Iman Indaryani Intan Isabel_Elizabeth 
			Jihan Johana_Jane 
			Keisha Khadija 
			Lusyanah 
			Maimunah Maliha Marina_Marina Marissa Maryam_Mary Maya Muazah Muzwin
			Nadhirah Najihah Najwan Noor Norashikin Nuha Nurhidayah Nurr Nurul 
			Orked 
			Petri Puteri 
			Rafidah Raisya Rensina Rohana Ros Rosdiah Rozita Ruggyah 
			Safya Sakinah Saloma Sara_Sarah Siti Sofiah Tiara 
			Yufida 
			Zahirah Zahra Zainab_Zaynab Zalila Zanariah Zara Zarith Zatashah Zerafina Zubaidah
		}
		from_dynasty_prefix = "dari "
		
		male_patronym = "ibni "
		female_patronym = "binti "
		prefix = yes
		
		allow_looting = yes
		seafarer = yes
			
		modifier = default_culture_modifier
	}
	brunei = {
		graphical_cultures = { indonesiangfx malaygfx indiangfx muslimgfx }
		secondary_event_pictures = bedouin_arabic
		
		color = { 0.6 0.35 0.5 }
	
		male_names = {
			Abas_Abbas Abdul-Aziz_Abdulaziz Abdul-Djafar_Abduljafar Abdul-Hamid_Abdulhamid Abdul-Jalil_Abduljalil Abdul-Kahar_Abdulqahar Abdul-Majid_Abdulmajid Abdul-Rahman_Abdalrahman Abdullah_Abdullah Ahmad_Ahmad Adnan_Adnan Alauddin_Alaeddin Ali_Ali Amir_Amir Ashraf_Ashraf Azhar_Azhar
			Badri_Badri Badrul Basyir_Bashir Bolkiah Borhan_Burhan Burhanuddin_Burhanuddin 
			Dahlan Darwish_Dervish Daud_David Demang Dzulqarnain 
			Elyas_Elijah Emran_Imran
			Fadlan_Fadlan Fadzil_Fadl Faisal_Faysal Faizuddin Fariq_Fariq 
			Ghiatuddin_Ghiyasuddin 
			Hafidz_Hafiz Hakiem_Hakim Halim_Halim Hamzah_Hamza Haron_Aaron Harris_Harith Hashim_Hashim Hassan_Hasan Hassanal Haziq_Haziq Hussin_Hussayn 
			Ibrahim_Abraham Idris_Idris Ikhsan_Ihsan Ishak_Isaac Iskandar_Alexander Ismail_Ishmael Izzuddin 
			Jaafar_Jafar Jamaluddin Jamil_Jamil Jasin_Yasin
			Kadir_Qadir Kamaluddin Karim_Karim Kasim_Qasim Khalil_Khalil
			Mahmud_Mahmud Mansur_Mansur Muhammad_Muhammad Muhammad-Ali Muhriz Muhyiddin Mukarram Munawir Musa_Moses Muhyiddin_Muhialdin Muzaffar_Muzaffar
			Nasruddin_Nasiraldin Naufal_Nawfal Nizam Noh_Noah
			Omar_Umar Osman_Uthman 
			Raffi_Rafi Ramdzan_Ramadan Rashid_Rashid Ridhuan_Ridwan
			Said_Said Safruddin Salahuddin_Saladin Salih_Salih Samsuddin Samsul_Shamsul Sarafuddin Sharif_Sharif Sirajuddin Sulaiman_Solomon 
			Taib_Tayyib Tajuddin Tahir_Tahir Taufik_Tawfiq 
			Umar_Umar 
			Yahya_John Yaqub_Jacob Yunus_Jonah Yusniarsyah Yusransyah Yusuf_Joseph 
			Zahari Zaim_Zaim Zulkhairi
		}
		female_names = {
			Aayizah	Afzan Aisyah_Aisha Alya Amara Aminah_Amina Asma Atbah Auliya Aura Azizah_Aziza 
			Badariah Bahiyah Bariah Budriah
			Dhia
			Fatimah_Fatima Fatimatuz_Fatima Fauziah Fazira 
			Hairiah Hasmah Humaira 
			Ilisha Ilma Iman Indaryani Intan 
			Jihan 
			Keisha Khadija 
			Lusyanah 
			Maimunah Maliha Maryam_Mary Maya Muazah Muzwin
			Nadhirah Najihah Najwan Noor Norashikin Nuha Nurhidayah Nurr Nurul 
			Rafidah Raisya Rensina Rohana Ros Rosdiah Rozita Ruggyah 
			Safya Sakinah Saloma Sara_Sarah Siti Sofiah Tiara 
			Yufida 
			Zahirah Zahra Zainab_Zaynab Zalila Zanariah Zara Zarith Zatashah Zerafina Zubaidah
		}
		from_dynasty_prefix = "dari "
		
		male_patronym = "ibni "
		female_patronym = "binti "
		prefix = yes
		
		allow_looting = yes
		seafarer = yes
			
		modifier = default_culture_modifier
	}
	borneo_malay = { #Borneo Malay (Not Brunei)
		graphical_cultures = { indonesiangfx malaygfx indiangfx muslimgfx }
		secondary_event_pictures = bedouin_arabic
		
		color = { 0.65 0.4 0.55 }
	
		male_names = {
			Abbas_Abbas Abdul-Aziz_Abdulaziz Abdul-Djafar_Abduljafar Abdul-Hamid_Abdulhamid Abdul-Jalil_Abduljalil Abdul-Majid_Abdulmajid Abdul-Rahman_Abdalrahman Abdullah_Abdullah Abubakar_Abubakr Ahmad_Ahmad Adam_Adam Adnan_Adnan Akmal_Akmal Alam_Alam Alauddin_Alaeddin Ali_Ali Amar_Amar Amrullah_Amrullah Andak Antah Aqil_Aqil Arifin_Arifin Ashraf_Ashraf Ataullah_Ataullah Anton_Anthony Azlan_Aslan Ackbar
			Badri_Badri Badrul Basyir_Bashir Borhan_Burhan Brasen Burhanuddin_Burhanuddin 
			Dahlan Danial_Daniel Darwish_Dervish Daud_David Demang Dzulqarnain 
			Elyas_Elijah Emran_Imran
			Fadlan_Fadlan Fadzil_Fadl Faisal_Faysal Faizuddin Fariq_Fariq 
			Gautama Ghiatuddin_Ghiyasuddin 
			Hafidz_Hafiz Hakiem_Hakim Halim_Halim Hamzah_Hamza Haron_Aaron Harris_Harith Hashim_Hashim Hassan_Hasan Hassanal Haziq_Haziq Hussain_Hussayn 
			Ibrahim_Abraham Idrus_Idris Ikhsan_Ihsan Ishak_Isaac Iskandar_Alexander Ismail_Ishmael Izzuddin 
			Karim_Karim Kassim_Qasim
			Jaafar_Jafar Jamaluddin Jamil_Jamil Jasin_Yasin Jati Jonathan_Jonathan Julius_Julius
			Kadir_Qadir Kamaluddin Kamaruzaman Kasim_Qasim Khalil_Khalil
			Mahathir Mahmud_Mahmud Mansur_Mansur Martin_Martin Mazlan_Aslan Mohamad_Muhammad Muhammad_Muhammad Muhriz Muhyiddin Mukarram Munawir Musa_Moses Muzaffar_Muzaffar Muzzil
			Najwan Naquiyuddin Nasrullah Naufal_Nawfal Nazrin Noh_Noah
			Orlando_Roland Oscar_Oscar Osman_Uthman 
			Pendekar Putra
			Raffi_Rafi Rashid_Rashid Ramdzan_Ramadan Rayyan_Rayyan Riayatuddin Ridhuan_Ridwan
			Said_Said Safruddin Sahril Sahruddin Salahuddin_Saladin Salleh_Salih Samsuddin Samsul_Shamsul Sarafuddin Satrio Sirajuddin Smith Sulaiman_Solomon Syarif_Sharif 
			Taib_Tayyib Tajuddin Tahir_Tahir Taufik_Tawfiq Tuah 
			Umar_Umar 
			Victor_Victor Vincent_Vincent
			William_William Wishnu_Vishnu
			Yahya_John Yesus_Jesus Yunus_Jonah Yusniarsyah Yusransyah Yusuf_Joseph 
			Zainal-Abidin Zainal-Arifin Zarif Zikri
		}
		female_names = {
			Aayizah	Afzan Aisyah_Aisha Alexia_Alexia Alison_Alice Alya Amara Aminah_Amina Arianna Arissa Asma Atbah Auliya Aura Azizah_Aziza 
			Badariah Bahiyah Bariah Budriah
			Dhia
			Elizabeth_Elizabeth
			Fatima_Fatima Fatimatuz_Fatima Fauziah Fazira Fenita
			Gita
			Hairiah Hannah_Hannah Hasmah Humaira 
			Ilisha Ilma Iman Indaryani Intan Isabel_Elizabeth 
			Jihan Johana_Jane 
			Keisha Khadija Kurniati
			Lusyanah 
			Maimunah Maliha Maria_Mary Marina_Marina Marissa Maryam_Mary Maya Muazah Muzwin
			Nadhirah Najihah Najwan Noor Norashikin Nuha Nurhidayah Nurr Nurul 
			Orked 
			Petri Puteri 
			Rafidah Raisya Rensina Rohana Ros Rosdiah Rozita Ruggyah 
			Safya Sakinah Saloma Sara_Sarah Siti Sofiah 
			Teresa_Theresa Tiara 
			Yufida 
			Zahirah Zahra Zainab_Zaynab Zalila Zanariah Zara Zarith Zatashah Zerafina Zoe_Zoe Zubaidah
		}
		from_dynasty_prefix = "dari "
		
		male_patronym = "ibni "
		female_patronym = "binti "
		prefix = yes
		
		allow_looting = yes
		seafarer = yes
			
		modifier = default_culture_modifier
	}
	bangka = {
		graphical_cultures = { indonesiangfx malaygfx indiangfx muslimgfx }
		secondary_event_pictures = bedouin_arabic
		
		color = { 0.8 0.4 0.6 }
	
		male_names = {
			Abas_Abbas Abdul-Aziz_Abdulaziz Abdul-Djafar_Abduljafar Abdul-Hamid_Abdulhamid Abdul-Jalil_Abduljalil Abdul-Majid_Abdulmajid Abdul-Rahman_Abdalrahman Abdullah_Abdullah Abubakar_Abubakr Ahmad_Ahmad Adam_Adam Adnan_Adnan Akmal_Akmal Alam_Alam Alauddin_Alaeddin Ali_Ali Amar_Amar Amrullah_Amrullah Andak Antah Aqil_Aqil Arifin_Arifin Ashraf_Ashraf Ataullah_Ataullah Azlan_Aslan
			Badri_Badri Badrul Basyir_Bashir Borhan_Burhan Brasen Burhanuddin_Burhanuddin 
			Dahlan Darwish_Dervish Daud_David Demang Dzulqarnain 
			Elyas_Elijah Emran_Imran
			Fadlan_Fadlan Fadzil_Fadl Faisal_Faysal Faizuddin Fariq_Fariq 
			Ghiatuddin_Ghiyasuddin 
			Hafidz_Hafiz Hakiem_Hakim Halim_Halim Hamzah_Hamza Haron_Aaron Harris_Harith Hashim_Hashim Hassan_Hasan Hassanal Haziq_Haziq Hussain_Hussayn 
			Ibrahim_Abraham Idrus_Idris Ikhsan_Ihsan Ishak_Isaac Iskandar_Alexander Ismail_Ishmael Izzuddin 
			Karim_Karim Kassim_Qasim
			Jaafar_Jafar Jamaluddin Jamil_Jamil Jasin_Yasin Jati
			Kadir_Qadir Kamaluddin Kamaruzaman Kasim_Qasim Khalil_Khalil
			Mahathir Mahmud_Mahmud Mansur_Mansur Mazlan_Aslan Mohamad_Muhammad Muhammad_Muhammad Muhriz Muhyiddin Mukarram Munawir Musa_Moses Muzaffar_Muzaffar Muzzil
			Najwan Naquiyuddin Nasrullah Naufal_Nawfal Nazrin Noh_Noah
			Osman_Uthman 
			Pendekar Putra
			Raffi_Rafi Rashid_Rashid Ramdzan_Ramadan Rayyan_Rayyan Riayatuddin Ridhuan_Ridwan
			Said_Said Safruddin Sahril Sahruddin Salahuddin_Saladin Salleh_Salih Samsuddin Samsul_Shamsul Sarafuddin Sirajuddin Sulaiman_Solomon Syarif_Sharif 
			Taib_Tayyib Tajuddin Tahir_Tahir Taufik_Tawfiq Tuah 
			Umar_Umar 
			Yahya_John Yunus_Jonah Yusniarsyah Yusransyah Yusuf_Joseph 
			Zainal-Abidin Zainal-Arifin Zarif Zikri
		}
		female_names = {
			Aayizah	Afzan Aisyah_Aisha Alya Amara Aminah_Amina Arianna Arissa Asma Atbah Auliya Aura Azizah_Aziza 
			Badariah Bahiyah Bariah Budriah
			Dhia
			Fatima_Fatima Fatimatuz_Fatima Fauziah Fazira 
			Hairiah Hannah_Hannah Hasmah Humaira 
			Ilisha Ilma Iman Indaryani Intan Isabel_Elizabeth 
			Jihan Johana_Jane 
			Keisha Khadija 
			Lusyanah 
			Maimunah Maliha Marina_Marina Marissa Maryam_Mary Maya Muazah Muzwin
			Nadhirah Najihah Najwan Noor Norashikin Nuha Nurhidayah Nurr Nurul 
			Orked 
			Petri Puteri 
			Rafidah Raisya Rensina Rohana Ros Rosdiah Rozita Ruggyah 
			Safya Sakinah Saloma Sara_Sarah Siti Sofiah Tiara 
			Yufida 
			Zahirah Zahra Zainab_Zaynab Zalila Zanariah Zara Zarith Zatashah Zerafina Zubaidah
		}
		from_dynasty_prefix = "dari "
		
		male_patronym = "ibni "
		female_patronym = "binti "
		prefix = yes
		
		allow_looting = yes
		seafarer = yes
			
		modifier = default_culture_modifier
	}
  	musi = {
		graphical_cultures = { indonesiangfx malaygfx indiangfx muslimgfx }
		secondary_event_pictures = bedouin_arabic
		
		color = { 0.8 0.5 0.6 }
	
		male_names = {
			Abas_Abbas Abdul-Aziz_Abdulaziz Abdul-Djafar_Abduljafar Abdul-Hamid_Abdulhamid Abdul-Jalil_Abduljalil Abdul-Majid_Abdulmajid Abdul-Rahman_Abdalrahman Abdullah_Abdullah Abubakar_Abubakr Ahmad_Ahmad Adam_Adam Adnan_Adnan Akmal_Akmal Alam_Alam Alauddin_Alaeddin Ali_Ali Amar_Amar Amrullah_Amrullah Andak Antah Aqil_Aqil Arifin_Arifin Ashraf_Ashraf Ataullah_Ataullah Anton_Anthony Azlan_Aslan
			Badri_Badri Badrul Basyir_Bashir Borhan_Burhan Brasen Burhanuddin_Burhanuddin 
			Dahlan Danial_Daniel Darwish_Dervish Daud_David Demang Dzulqarnain 
			Elyas_Elijah Emran_Imran
			Fadlan_Fadlan Fadzil_Fadl Faisal_Faysal Faizuddin Fariq_Fariq 
			Gautama Ghiatuddin_Ghiyasuddin 
			Hafidz_Hafiz Hakiem_Hakim Halim_Halim Hamzah_Hamza Haron_Aaron Harris_Harith Hashim_Hashim Hassan_Hasan Hassanal Haziq_Haziq Hussain_Hussayn 
			Ibrahim_Abraham Idrus_Idris Ikhsan_Ihsan Ishak_Isaac Iskandar_Alexander Ismail_Ishmael Izzuddin 
			Karim_Karim Kassim_Qasim
			Jaafar_Jafar Jamaluddin Jamil_Jamil Jasin_Yasin Jati Jonathan_Jonathan Julius_Julius
			Kadir_Qadir Kamaluddin Kamaruzaman Kasim_Qasim Khalil_Khalil
			Mahathir Mahmud_Mahmud Mansur_Mansur Martin_Martin Mazlan_Aslan Mohamad_Muhammad Muhammad_Muhammad Muhriz Muhyiddin Mukarram Munawir Musa_Moses Muzaffar_Muzaffar Muzzil
			Najwan Naquiyuddin Nasrullah Naufal_Nawfal Nazrin Noh_Noah
			Orlando_Roland Oscar_Oscar Osman_Uthman 
			Pendekar Putra
			Raffi_Rafi Rashid_Rashid Ramdzan_Ramadan Rayyan_Rayyan Riayatuddin Ridhuan_Ridwan
			Said_Said Safruddin Sahril Sahruddin Salahuddin_Saladin Salleh_Salih Samsuddin Samsul_Shamsul Sarafuddin Satrio Sirajuddin Smith Sulaiman_Solomon Syarif_Sharif 
			Taib_Tayyib Tajuddin Tahir_Tahir Taufik_Tawfiq Tuah 
			Umar_Umar 
			Victor_Victor Vincent_Vincent
			William_William Wishnu_Vishnu
			Yahya_John Yesus_Jesus Yunus_Jonah Yusniarsyah Yusransyah Yusuf_Joseph 
			Zainal-Abidin Zainal-Arifin Zarif Zikri
		}
		female_names = {
			Aayizah	Afzan Aisyah_Aisha Alexia_Alexia Alison_Alice Alya Amara Aminah_Amina Arianna Arissa Asma Atbah Auliya Aura Azizah_Aziza 
			Badariah Bahiyah Bariah Budriah
			Dhia
			Elizabeth_Elizabeth
			Fatima_Fatima Fatimatuz_Fatima Fauziah Fazira Fenita
			Gita
			Hairiah Hannah_Hannah Hasmah Humaira 
			Ilisha Ilma Iman Indaryani Intan Isabel_Elizabeth 
			Jihan Johana_Jane 
			Keisha Khadija Kurniati
			Lusyanah 
			Maimunah Maliha Maria_Mary Marina_Marina Marissa Maryam_Mary Maya Muazah Muzwin
			Nadhirah Najihah Najwan Noor Norashikin Nuha Nurhidayah Nurr Nurul 
			Orked 
			Petri Puteri 
			Rafidah Raisya Rensina Rohana Ros Rosdiah Rozita Ruggyah 
			Safya Sakinah Saloma Sara_Sarah Siti Sofiah 
			Teresa_Theresa Tiara 
			Yufida 
			Zahirah Zahra Zainab_Zaynab Zalila Zanariah Zara Zarith Zatashah Zerafina Zoe_Zoe Zubaidah
		}
		from_dynasty_prefix = "dari "
		
		male_patronym = "ibni "
		female_patronym = "binti "
		prefix = yes
		
		allow_looting = yes
		seafarer = yes
			
		modifier = default_culture_modifier
	}
	jambi_malay = {
		graphical_cultures = { indonesiangfx malaygfx indiangfx muslimgfx }
		secondary_event_pictures = bedouin_arabic
		
		color = { 0.8 0.5 0.7 }
	
		male_names = {
			Abas_Abbas Abdul-Aziz_Abdulaziz Abdul-Djafar_Abduljafar Abdul-Hamid_Abdulhamid Abdul-Jalil_Abduljalil Abdul-Majid_Abdulmajid Abdul-Rahman_Abdalrahman Abdullah_Abdullah Abubakar_Abubakr Ahmad_Ahmad Adam_Adam Adnan_Adnan Akmal_Akmal Alam_Alam Alauddin_Alaeddin Ali_Ali Amar_Amar Amrullah_Amrullah Andak Antah Aqil_Aqil Arifin_Arifin Ashraf_Ashraf Ataullah_Ataullah Anton_Anthony Azlan_Aslan
			Badri_Badri Badrul Basyir_Bashir Borhan_Burhan Brasen Burhanuddin_Burhanuddin 
			Dahlan Danial_Daniel Darwish_Dervish Daud_David Demang Dzulqarnain 
			Elyas_Elijah Emran_Imran
			Fadlan_Fadlan Fadzil_Fadl Faisal_Faysal Faizuddin Fariq_Fariq 
			Gautama Ghiatuddin_Ghiyasuddin 
			Hafidz_Hafiz Hakiem_Hakim Halim_Halim Hamzah_Hamza Haron_Aaron Harris_Harith Hashim_Hashim Hassan_Hasan Hassanal Haziq_Haziq Hussain_Hussayn 
			Ibrahim_Abraham Idrus_Idris Ikhsan_Ihsan Ishak_Isaac Iskandar_Alexander Ismail_Ishmael Izzuddin 
			Karim_Karim Kassim_Qasim
			Jaafar_Jafar Jamaluddin Jamil_Jamil Jasin_Yasin Jati Jonathan_Jonathan Julius_Julius
			Kadir_Qadir Kamaluddin Kamaruzaman Kasim_Qasim Khalil_Khalil
			Mahathir Mahmud_Mahmud Mansur_Mansur Martin_Martin Mazlan_Aslan Mohamad_Muhammad Muhammad_Muhammad Muhriz Muhyiddin Mukarram Munawir Musa_Moses Muzaffar_Muzaffar Muzzil
			Najwan Naquiyuddin Nasrullah Naufal_Nawfal Nazrin Noh_Noah
			Orlando_Roland Oscar_Oscar Osman_Uthman 
			Pendekar Putra
			Raffi_Rafi Rashid_Rashid Ramdzan_Ramadan Rayyan_Rayyan Riayatuddin Ridhuan_Ridwan
			Said_Said Safruddin Sahril Sahruddin Salahuddin_Saladin Salleh_Salih Samsuddin Samsul_Shamsul Sarafuddin Satrio Sirajuddin Smith Sulaiman_Solomon Syarif_Sharif 
			Taib_Tayyib Tajuddin Tahir_Tahir Taufik_Tawfiq Tuah 
			Umar_Umar 
			Victor_Victor Vincent_Vincent
			William_William Wishnu_Vishnu
			Yahya_John Yesus_Jesus Yunus_Jonah Yusniarsyah Yusransyah Yusuf_Joseph 
			Zainal-Abidin Zainal-Arifin Zarif Zikri
		}
		female_names = {
			Aayizah	Afzan Aisyah_Aisha Alexia_Alexia Alison_Alice Alya Amara Aminah_Amina Arianna Arissa Asma Atbah Auliya Aura Azizah_Aziza 
			Badariah Bahiyah Bariah Budriah
			Dhia
			Elizabeth_Elizabeth
			Fatima_Fatima Fatimatuz_Fatima Fauziah Fazira Fenita
			Gita
			Hairiah Hannah_Hannah Hasmah Humaira 
			Ilisha Ilma Iman Indaryani Intan Isabel_Elizabeth 
			Jihan Johana_Jane 
			Keisha Khadija Kurniati
			Lusyanah 
			Maimunah Maliha Maria_Mary Marina_Marina Marissa Maryam_Mary Maya Muazah Muzwin
			Nadhirah Najihah Najwan Noor Norashikin Nuha Nurhidayah Nurr Nurul 
			Orked 
			Petri Puteri 
			Rafidah Raisya Rensina Rohana Ros Rosdiah Rozita Ruggyah 
			Safya Sakinah Saloma Sara_Sarah Siti Sofiah 
			Teresa_Theresa Tiara 
			Yufida 
			Zahirah Zahra Zainab_Zaynab Zalila Zanariah Zara Zarith Zatashah Zerafina Zoe_Zoe Zubaidah
		}
		from_dynasty_prefix = "dari "
		
		male_patronym = "ibni "
		female_patronym = "binti "
		prefix = yes
		
		allow_looting = yes
		seafarer = yes
			
		modifier = default_culture_modifier
	}
	duano = {
		graphical_cultures = { indonesiangfx malaygfx indiangfx muslimgfx }
		secondary_event_pictures = bedouin_arabic
		
		color = { 0.8 0.5 0.6 }
	
		male_names = {
			Abas_Abbas Abdul-Aziz_Abdulaziz Abdul-Djafar_Abduljafar Abdul-Hamid_Abdulhamid Abdul-Jalil_Abduljalil Abdul-Majid_Abdulmajid Abdul-Rahman_Abdalrahman Abdullah_Abdullah Abubakar_Abubakr Ahmad_Ahmad Adam_Adam Adnan_Adnan Akmal_Akmal Alam_Alam Alauddin_Alaeddin Ali_Ali Amar_Amar Amrullah_Amrullah Andak Antah Aqil_Aqil Arifin_Arifin Ashraf_Ashraf Ataullah_Ataullah Anton_Anthony Azlan_Aslan
			Badri_Badri Badrul Basyir_Bashir Borhan_Burhan Brasen Burhanuddin_Burhanuddin 
			Dahlan Danial_Daniel Darwish_Dervish Daud_David Demang Dzulqarnain 
			Elyas_Elijah Emran_Imran
			Fadlan_Fadlan Fadzil_Fadl Faisal_Faysal Faizuddin Fariq_Fariq 
			Gautama Ghiatuddin_Ghiyasuddin 
			Hafidz_Hafiz Hakiem_Hakim Halim_Halim Hamzah_Hamza Haron_Aaron Harris_Harith Hashim_Hashim Hassan_Hasan Hassanal Haziq_Haziq Hussain_Hussayn 
			Ibrahim_Abraham Idrus_Idris Ikhsan_Ihsan Ishak_Isaac Iskandar_Alexander Ismail_Ishmael Izzuddin 
			Karim_Karim Kassim_Qasim
			Jaafar_Jafar Jamaluddin Jamil_Jamil Jasin_Yasin Jati Jonathan_Jonathan Julius_Julius
			Kadir_Qadir Kamaluddin Kamaruzaman Kasim_Qasim Khalil_Khalil
			Mahathir Mahmud_Mahmud Mansur_Mansur Martin_Martin Mazlan_Aslan Mohamad_Muhammad Muhammad_Muhammad Muhriz Muhyiddin Mukarram Munawir Musa_Moses Muzaffar_Muzaffar Muzzil
			Najwan Naquiyuddin Nasrullah Naufal_Nawfal Nazrin Noh_Noah
			Orlando_Roland Oscar_Oscar Osman_Uthman 
			Pendekar Putra
			Raffi_Rafi Rashid_Rashid Ramdzan_Ramadan Rayyan_Rayyan Riayatuddin Ridhuan_Ridwan
			Said_Said Safruddin Sahril Sahruddin Salahuddin_Saladin Salleh_Salih Samsuddin Samsul_Shamsul Sarafuddin Satrio Sirajuddin Smith Sulaiman_Solomon Syarif_Sharif 
			Taib_Tayyib Tajuddin Tahir_Tahir Taufik_Tawfiq Tuah 
			Umar_Umar 
			Victor_Victor Vincent_Vincent
			William_William Wishnu_Vishnu
			Yahya_John Yesus_Jesus Yunus_Jonah Yusniarsyah Yusransyah Yusuf_Joseph 
			Zainal-Abidin Zainal-Arifin Zarif Zikri
		}
		female_names = {
			Aayizah	Afzan Aisyah_Aisha Alexia_Alexia Alison_Alice Alya Amara Aminah_Amina Arianna Arissa Asma Atbah Auliya Aura Azizah_Aziza 
			Badariah Bahiyah Bariah Budriah
			Dhia
			Elizabeth_Elizabeth
			Fatima_Fatima Fatimatuz_Fatima Fauziah Fazira Fenita
			Gita
			Hairiah Hannah_Hannah Hasmah Humaira 
			Ilisha Ilma Iman Indaryani Intan Isabel_Elizabeth 
			Jihan Johana_Jane 
			Keisha Khadija Kurniati
			Lusyanah 
			Maimunah Maliha Maria_Mary Marina_Marina Marissa Maryam_Mary Maya Muazah Muzwin
			Nadhirah Najihah Najwan Noor Norashikin Nuha Nurhidayah Nurr Nurul 
			Orked 
			Petri Puteri 
			Rafidah Raisya Rensina Rohana Ros Rosdiah Rozita Ruggyah 
			Safya Sakinah Saloma Sara_Sarah Siti Sofiah 
			Teresa_Theresa Tiara 
			Yufida 
			Zahirah Zahra Zainab_Zaynab Zalila Zanariah Zara Zarith Zatashah Zerafina Zoe_Zoe Zubaidah
		}
		from_dynasty_prefix = "dari "
		
		male_patronym = "ibni "
		female_patronym = "binti "
		prefix = yes
		
		allow_looting = yes
		seafarer = yes
			
		modifier = default_culture_modifier
	}
	minangkabau = {
		graphical_cultures = { indonesiangfx malaygfx indiangfx muslimgfx }
		secondary_event_pictures = bedouin_arabic
		
		color = { 0.9 0.58 0.6 }
	
		male_names = {
			Abas_Abbas Abdul-Aziz_Abdulaziz Abdul-Djafar_Abduljafar Abdul-Hamid_Abdulhamid Abdul-Jalil_Abduljalil Abdul-Majid_Abdulmajid Abdul-Rahman_Abdalrahman Abdullah_Abdullah Abubakar_Abubakr Ahmad_Ahmad Adam_Adam Adnan_Adnan Akmal_Akmal Alam_Alam Alauddin_Alaeddin Ali_Ali Amar_Amar Amrullah_Amrullah Andak Antah Aqil_Aqil Arifin_Arifin Ashraf_Ashraf Ataullah_Ataullah Anton_Anthony Azlan_Aslan
			Badri_Badri Badrul Basyir_Bashir Borhan_Burhan Brasen Burhanuddin_Burhanuddin 
			Dahlan Danial_Daniel Darwish_Dervish Daud_David Demang Dzulqarnain 
			Elyas_Elijah Emran_Imran
			Fadlan_Fadlan Fadzil_Fadl Faisal_Faysal Faizuddin Fariq_Fariq 
			Gautama Ghiatuddin_Ghiyasuddin 
			Hafidz_Hafiz Hakiem_Hakim Halim_Halim Hamzah_Hamza Haron_Aaron Harris_Harith Hashim_Hashim Hassan_Hasan Hassanal Haziq_Haziq Hussain_Hussayn 
			Ibrahim_Abraham Idrus_Idris Ikhsan_Ihsan Ishak_Isaac Iskandar_Alexander Ismail_Ishmael Izzuddin 
			Karim_Karim Kassim_Qasim
			Jaafar_Jafar Jamaluddin Jamil_Jamil Jasin_Yasin Jati Jonathan_Jonathan Julius_Julius
			Kadir_Qadir Kamaluddin Kamaruzaman Kasim_Qasim Khalil_Khalil
			Mahathir Mahmud_Mahmud Mansur_Mansur Martin_Martin Mazlan_Aslan Mohamad_Muhammad Muhammad_Muhammad Muhriz Muhyiddin Mukarram Munawir Musa_Moses Muzaffar_Muzaffar Muzzil
			Najwan Naquiyuddin Nasrullah Naufal_Nawfal Nazrin Noh_Noah
			Orlando_Roland Oscar_Oscar Osman_Uthman 
			Pendekar Putra
			Raffi_Rafi Rashid_Rashid Ramdzan_Ramadan Rayyan_Rayyan Riayatuddin Ridhuan_Ridwan
			Said_Said Safruddin Sahril Sahruddin Salahuddin_Saladin Salleh_Salih Samsuddin Samsul_Shamsul Sarafuddin Satrio Sirajuddin Smith Sulaiman_Solomon Syarif_Sharif 
			Taib_Tayyib Tajuddin Tahir_Tahir Taufik_Tawfiq Tuah 
			Umar_Umar 
			Victor_Victor Vincent_Vincent
			William_William Wishnu_Vishnu
			Yahya_John Yesus_Jesus Yunus_Jonah Yusniarsyah Yusransyah Yusuf_Joseph 
			Zainal-Abidin Zainal-Arifin Zarif Zikri
		}
		female_names = {
			Aayizah	Afzan Aisyah_Aisha Alexia_Alexia Alison_Alice Alya Amara Aminah_Amina Arianna Arissa Asma Atbah Auliya Aura Azizah_Aziza 
			Badariah Bahiyah Bariah Budriah
			Dhia
			Elizabeth_Elizabeth
			Fatima_Fatima Fatimatuz_Fatima Fauziah Fazira Fenita
			Gita
			Hairiah Hannah_Hannah Hasmah Humaira 
			Ilisha Ilma Iman Indaryani Intan Isabel_Elizabeth 
			Jihan Johana_Jane 
			Keisha Khadija Kurniati
			Lusyanah 
			Maimunah Maliha Maria_Mary Marina_Marina Marissa Maryam_Mary Maya Muazah Muzwin
			Nadhirah Najihah Najwan Noor Norashikin Nuha Nurhidayah Nurr Nurul 
			Orked 
			Petri Puteri 
			Rafidah Raisya Rensina Rohana Ros Rosdiah Rozita Ruggyah 
			Safya Sakinah Saloma Sara_Sarah Siti Sofiah 
			Teresa_Theresa Tiara 
			Yufida 
			Zahirah Zahra Zainab_Zaynab Zalila Zanariah Zara Zarith Zatashah Zerafina Zoe_Zoe Zubaidah
		}
		from_dynasty_prefix = "dari "
		
		male_patronym = "ibni "
		female_patronym = "binti "
		prefix = yes
		
		feminist = yes
		allow_looting = yes
		seafarer = yes
			
		modifier = default_culture_modifier
	}
	malay = { #Mainstream Malay
		graphical_cultures = { indonesiangfx malaygfx indiangfx muslimgfx }
		secondary_event_pictures = bedouin_arabic
		
		color = { 0.99 0.6 0.7 }
	
		male_names = {
			Abas_Abbas Abdul-Aziz_Abdulaziz Abdul-Djafar_Abduljafar Abdul-Hamid_Abdulhamid Abdul-Jalil_Abduljalil Abdul-Majid_Abdulmajid Abdul-Rahman_Abdalrahman Abdullah_Abdullah Abdul-Jalal Abdul-Kadir_Qadir Abubakar_Abubakr Ahmad_Ahmad Adam_Adam Adnan_Adnan Akmal_Akmal Alam_Alam Alauddin_Alaeddin Ali_Ali Amar_Amar Ataullah_Ataullah Amrullah_Amrullah Andak Antah Aqil_Aqil Arifin_Arifin Ashraf_Ashraf Azlan_Aslan Alim Azim Amirul Aiman Awang Awi
			Badri_Badri Badrul Basyir_Bashir Borhan_Burhan Brasen Burhanuddin_Burhanuddin Bujang 
			Dahlan Darwish_Dervish Daud_David Demang Dzulqarnain Daniel_Daniel
			Elyas_Elijah Emran_Imran Eren_Aaron
			Fadlan_Fadlan Fadzil_Fadl Faisal_Faysal Faizuddin Fariq_Fariq 
			Ghiatuddin_Ghiyasuddin 
			Hafidz_Hafiz Hakim_Hakim Halim_Halim Hamzah_Hamza Haron_Aaron Harris_Harith Hashim_Hashim Hassan_Hasan Hassanal Haziq_Haziq Hussain_Hussayn Hazim Hud 
			Ibrahim_Abraham Idrus_Idris Ikhsan_Ihsan Ishak_Isaac Iskandar_Alexander Ismail_Ishmael Izzuddin Ilham Irfan 
			Karim_Karim Kassim_Qasim
			Jaafar_Jafar Jamaluddin Jamil_Jamil Jasin_Yasin Jati
			Kadir_Qadir Kamaluddin Kamaruzaman Kasim_Qasim Khalil_Khalil Khairul Kamil Kamal 
			Mahathir Mahmud_Mahmud Mansur_Mansur Mazlan_Aslan Mohamad_Muhammad Muhammad_Muhammad Muhriz Muhyiddin Munawir Musa_Moses Muzaffar_Muzaffar Muzzil Muiz
			Najwan Naquiyuddin Nasrullah Naufal_Nawfal Nazrin Noh_Noah
			Osman_Uthman Omar_Umar 
			Pendekar Putra 
			Raffi_Rafi Rashid_Rashid Ramdzan_Ramadan Rayyan_Rayyan Riayatuddin Ridhuan_Ridwan Raja Rosli Rahman_Abdalrahman Rahmat
			Said_Said Safruddin Sahril Sahruddin Salahuddin_Saladin Salleh_Salih Samsuddin Samsul_Shamsul Sarafuddin Sirajuddin Sulaiman_Solomon Syarif_Sharif Syuib
			Taib_Tayyib Tajuddin Tahir_Tahir Taufik_Tawfiq Tuah 
			Umar_Umar 
			Yahya_John Yunus_Jonah Yusniarsyah Yusransyah Yusuf_Joseph Yasin_Yasin
			Zainal-Abidin Zainal-Arifin Zarif Zikri Zaim_Zaim Zakaria_Zachary Zaid_Said Zulkifli Zilulah
		}
		female_names = {
			Aayizah	Afzan Aisyah_Aisha Alya Amara Aminah_Amina Arianna Arissa Asma Atbah Auliya Aura Azizah_Aziza Anisa Azimah Azwin Amirah Asiah 
			Badariah Bahiyah Bariah Budriah 
			Dhia 
			Fatima_Fatima Fatimatuz_Fatima Fauziah Fazira Fatin Fatimah_Fatima Faiza
			Hairiah Hannah_Hannah Hasmah Humaira Hafidzah Hamidah 
			Ilisha Ilma Iman Indaryani Intan Isabel_Elizabeth Iris Ilyana Indrawati
			Jihan Johana_Jane 
			Keisha Khadija 
			Lusyanah 
			Maimunah Maliha Marina_Marina Marissa Maryam_Mary Maya Muazah Muzwin 
			Nadhirah Najihah Najwan Noor Norashikin Nuha Nurhidayah Nurr Nurul Natashah 
			Orked 
			Petri Puteri 
			Rafidah Raisya Rensina Rohana Ros Rosdiah Rozita Ruggyah Rosliza Rani
			Safya Sakinah Saloma Sara_Sarah Siti Sofiah Syafikah Syarifah Saliah Tiara
			Yufida Yani Yati
			Wati 
			Zahirah Zahra Zainab_Zaynab Zalila Zanariah Zara Zarith Zatashah Zerafina Zubaidah Zulaikah
		}
		from_dynasty_prefix = "dari "
		
		male_patronym = "ibni "
		female_patronym = "binti "
		prefix = yes
		
		pat_grf_name_chance = 55
		mat_grf_name_chance = 5
		father_name_chance = 30
		
		pat_grm_name_chance = 60
		mat_grm_name_chance = 15
		mother_name_chance = 15
		
		allow_looting = yes
		seafarer = yes
			
		modifier = default_culture_modifier
	}
	riau_sumatra = {
		graphical_cultures = { indonesiangfx malaygfx indiangfx muslimgfx }
		secondary_event_pictures = bedouin_arabic
		
		color = { 0.85 0.55 0.65 }
	
		male_names = {
			Abas_Abbas Abdul-Aziz_Abdulaziz Abdul-Djafar_Abduljafar Abdul-Hamid_Abdulhamid Abdul-Jalil_Abduljalil Abdul-Majid_Abdulmajid Abdul-Rahman_Abdalrahman Abdullah_Abdullah Abubakar_Abubakr Ahmad_Ahmad Adam_Adam Adnan_Adnan Akmal_Akmal Alam_Alam Alauddin_Alaeddin Ali_Ali Amar_Amar Amrullah_Amrullah Andak Antah Aqil_Aqil Arifin_Arifin Ashraf_Ashraf Ataullah_Ataullah Anton_Anthony Azlan_Aslan
			Badri_Badri Badrul Basyir_Bashir Borhan_Burhan Brasen Burhanuddin_Burhanuddin 
			Dahlan Danial_Daniel Darwish_Dervish Daud_David Demang Dzulqarnain 
			Elyas_Elijah Emran_Imran
			Fadlan_Fadlan Fadzil_Fadl Faisal_Faysal Faizuddin Fariq_Fariq 
			Gautama Ghiatuddin_Ghiyasuddin 
			Hafidz_Hafiz Hakiem_Hakim Halim_Halim Hamzah_Hamza Haron_Aaron Harris_Harith Hashim_Hashim Hassan_Hasan Hassanal Haziq_Haziq Hussain_Hussayn 
			Ibrahim_Abraham Idrus_Idris Ikhsan_Ihsan Ishak_Isaac Iskandar_Alexander Ismail_Ishmael Izzuddin 
			Karim_Karim Kassim_Qasim
			Jaafar_Jafar Jamaluddin Jamil_Jamil Jasin_Yasin Jati Jonathan_Jonathan Julius_Julius
			Kadir_Qadir Kamaluddin Kamaruzaman Kasim_Qasim Khalil_Khalil
			Mahathir Mahmud_Mahmud Mansur_Mansur Martin_Martin Mazlan_Aslan Mohamad_Muhammad Muhammad_Muhammad Muhriz Muhyiddin Mukarram Munawir Musa_Moses Muzaffar_Muzaffar Muzzil
			Najwan Naquiyuddin Nasrullah Naufal_Nawfal Nazrin Noh_Noah
			Orlando_Roland Oscar_Oscar Osman_Uthman 
			Pendekar Putra
			Raffi_Rafi Rashid_Rashid Ramdzan_Ramadan Rayyan_Rayyan Riayatuddin Ridhuan_Ridwan
			Said_Said Safruddin Sahril Sahruddin Salahuddin_Saladin Salleh_Salih Samsuddin Samsul_Shamsul Sarafuddin Satrio Sirajuddin Smith Sulaiman_Solomon Syarif_Sharif 
			Taib_Tayyib Tajuddin Tahir_Tahir Taufik_Tawfiq Tuah 
			Umar_Umar 
			Victor_Victor Vincent_Vincent
			William_William Wishnu_Vishnu
			Yahya_John Yesus_Jesus Yunus_Jonah Yusniarsyah Yusransyah Yusuf_Joseph 
			Zainal-Abidin Zainal-Arifin Zarif Zikri
		}
		female_names = {
			Aayizah	Afzan Aisyah_Aisha Alexia_Alexia Alison_Alice Alya Amara Aminah_Amina Arianna Arissa Asma Atbah Auliya Aura Azizah_Aziza 
			Badariah Bahiyah Bariah Budriah
			Dhia
			Elizabeth_Elizabeth
			Fatima_Fatima Fatimatuz_Fatima Fauziah Fazira Fenita
			Gita
			Hairiah Hannah_Hannah Hasmah Humaira 
			Ilisha Ilma Iman Indaryani Intan Isabel_Elizabeth Indrawati 
			Jihan Johana_Jane 
			Keisha Khadija Kurniati
			Lusyanah 
			Maimunah Maliha Maria_Mary Marina_Marina Marissa Maryam_Mary Maya Muazah Muzwin
			Nadhirah Najihah Najwan Noor Norashikin Nuha Nurhidayah Nurr Nurul 
			Orked 
			Petri Puteri 
			Rafidah Raisya Rensina Rohana Ros Rosdiah Rozita Ruggyah 
			Safya Sakinah Saloma Sara_Sarah Siti Sofiah 
			Teresa_Theresa Tiara 
			Yufida 
			Zahirah Zahra Zainab_Zaynab Zalila Zanariah Zara Zarith Zatashah Zerafina Zoe_Zoe Zubaidah
		}
		from_dynasty_prefix = "dari "
		
		male_patronym = "ibni "
		female_patronym = "binti "
		prefix = yes
		
		allow_looting = yes
		seafarer = yes
			
		modifier = default_culture_modifier
	}
	melaka_malay = { #Malaccan Malay (Unique to the duchy of Malacca) 
		graphical_cultures = { indonesiangfx malaygfx indiangfx muslimgfx }
		secondary_event_pictures = bedouin_arabic
		
		color = { 0.99 0.7 0.8 }
	
		male_names = {
			Abas_Abbas Abdul-Aziz_Abdulaziz Abdul-Djafar_Abduljafar Abdul-Hamid_Abdulhamid Abdul-Jalil_Abduljalil Abdul-Majid_Abdulmajid Abdul-Rahman_Abdalrahman Abdullah_Abdullah Abubakar_Abubakr Ahmad_Ahmad Adam_Adam Adnan_Adnan Akmal_Akmal Alam_Alam Alauddin_Alaeddin Ali_Ali Amar_Amar Ataullah_Ataullah Amrullah_Amrullah Andak Antah Aqil_Aqil Arifin_Arifin Ashraf_Ashraf Azlan_Aslan Alim Azim Amirul Aiman Awang Alang
			Badri_Badri Badrul Basyir_Bashir Borhan_Burhan Brasen Burhanuddin_Burhanuddin Badang 
			Dahlan Darwish_Dervish Daud_David Demang Dzulqarnain 
			Elyas_Elijah Emran_Imran Eren_Aaron
			Fadlan_Fadlan Fadzil_Fadl Faisal_Faysal Faizuddin Fariq_Fariq 
			Ghiatuddin_Ghiyasuddin 
			Hafidz_Hafiz Hakim_Hakim Halim_Halim Hamzah_Hamza Haron_Aaron Harris_Harith Hashim_Hashim Hassan_Hasan Hassanal Haziq_Haziq Hussain_Hussayn Hazim Hud 
			Ibrahim_Abraham Idrus_Idris Ikhsan_Ihsan Ishak_Isaac Iskandar_Alexander Ismail_Ishmael Izzuddin Ilham Irfan  
			Karim_Karim Kassim_Qasim
			Jaafar_Jafar Jamaluddin Jamil_Jamil Jasin_Yasin Jati Jebat
			Kadir_Qadir Kamaluddin Kamaruzaman Kasim_Qasim Khalil_Khalil Khairul Kamil Kamal 
			Mahathir Mahmud_Mahmud Mansur_Mansur Mazlan_Aslan Mohamad_Muhammad Muhammad_Muhammad Muhriz Muhyiddin Munawir Musa_Moses Muzaffar_Muzaffar Muzzil Mirzan Megat Mukhtar 
			Najwan Naquiyuddin Nasrullah Naufal_Nawfal Nazrin Noh_Noah Nasiruddin
			Osman_Uthman Omar_Umar 
			Pendekar Putra 
			Raffi_Rafi Rashid_Rashid Ramdzan_Ramadan Rayyan_Rayyan Riayatuddin Ridhuan_Ridwan Raja Rosli Rahman_Abdalrahman Rahmat 
			Said_Said Safruddin Sahril Sahruddin Salahuddin_Saladin Salleh_Salih Samsuddin Samsul_Shamsul Sarafuddin Sirajuddin Sulaiman_Solomon Syarif_Sharif Syuib Sufyan Syawal
			Taib_Tayyib Tajuddin Tahir_Tahir Taufik_Tawfiq Tuah 
			Umar_Umar Uthman_Uthman
			Yahya_John Yunus_Jonah Yusniarsyah Yusransyah Yusuf_Joseph Yasin_Yasin Yaakub_Jacob
			Zainal-Abidin Zainal-Arifin Zarif Zikri Zaim_Zaim Zakaria_Zachary Zaid_Said Zulkifli
		}
		female_names = {
			Aayizah	Afzan Aisyah_Aisha Alya Amara Aminah_Amina Arianna Arissa Asma Atbah Auliya Aura Azizah_Aziza Anisa Azimah Azwin Amirah Asiah 
			Badariah Bahiyah Bariah Budriah 
			Dhia 
			Fatima_Fatima Fatimatuz_Fatima Fauziah Fazira Fatin Fatimah_Fatima Faiza
			Hairiah Hannah_Hannah Hasmah Humaira Hafidzah Hamidah 
			Ilisha Ilma Iman Indaryani Intan Isabel_Elizabeth Iris Ilyana Indrawati Indah Irdina
			Jihan Johana_Jane 
			Keisha Khadija Kasturi Katirah 
			Lusyanah Lana 
			Maimunah Maliha Marina_Marina Marissa Maryam_Mary Maya Muazah Muzwin 
			Nadhirah Najihah Najwan Noor Norashikin Nuha Nurhidayah Nurr Nurul Natashah 
			Orked 
			Petri Puteri 
			Rafidah Raisya Rensina Rohana Ros Rosdiah Rozita Ruggyah Rosliza Rani
			Safya Sakinah Saloma Sara_Sarah Siti Sofiah Syafikah Syarifah Saliah Tiara
			Yufida Yani Yati
			Wati 
			Zahirah Zahra Zainab_Zaynab Zalila Zanariah Zara Zarith Zatashah Zerafina Zubaidah Zulaikah
		}
		from_dynasty_prefix = "dari "
		
		male_patronym = "ibni "
		female_patronym = "binti "
		prefix = yes
		
		pat_grf_name_chance = 55
		mat_grf_name_chance = 5
		father_name_chance = 30
		
		pat_grm_name_chance = 60
		mat_grm_name_chance = 15
		mother_name_chance = 15
		
		allow_looting = yes
		seafarer = yes
			
		modifier = default_culture_modifier
	}
	johor_riau = { #South Malay
		graphical_cultures = { indonesiangfx malaygfx indiangfx muslimgfx }
		secondary_event_pictures = bedouin_arabic
		
		color = { 0.99 0.8 0.9 }
	
		male_names = {
			Abas_Abbas Abdul-Aziz_Abdulaziz Abdul-Djafar_Abduljafar Abdul-Hamid_Abdulhamid Abdul-Jalil_Abduljalil Abdul-Majid_Abdulmajid Abdul-Rahman_Abdalrahman Abdullah_Abdullah Abubakar_Abubakr Ahmad_Ahmad Adam_Adam Adnan_Adnan Akmal_Akmal Alam_Alam Alauddin_Alaeddin Ali_Ali Amar_Amar Ataullah_Ataullah Amrullah_Amrullah Andak Antah Aqil_Aqil Arifin_Arifin Ashraf_Ashraf Azlan_Aslan Alim Azim Amirul Aiman Awang 
			Badri_Badri Badrul Basyir_Bashir Borhan_Burhan Brasen Burhanuddin_Burhanuddin 
			Dahlan Darwish_Dervish Daud_David Demang Dzulqarnain Daniel_Daniel 
			Elyas_Elijah Emran_Imran Eren_Aaron
			Fadlan_Fadlan Fadzil_Fadl Faisal_Faysal Faizuddin Fariq_Fariq 
			Ghiatuddin_Ghiyasuddin 
			Hafidz_Hafiz Hakim_Hakim Halim_Halim Hamzah_Hamza Haron_Aaron Harris_Harith Hashim_Hashim Hassan_Hasan Hassanal Haziq_Haziq Hussain_Hussayn Hazim Hud 
			Ibrahim_Abraham Idrus_Idris Ikhsan_Ihsan Ishak_Isaac Iskandar_Alexander Ismail_Ishmael Izzuddin Ilham Irfan  
			Karim_Karim Kassim_Qasim
			Jaafar_Jafar Jamaluddin Jamil_Jamil Jasin_Yasin Jati John_John 
			Kadir_Qadir Kamaluddin Kamaruzaman Kasim_Qasim Khalil_Khalil Khairul Kamil Kamal 
			Mahathir Mahmud_Mahmud Mansur_Mansur Mazlan_Aslan Mohamad_Muhammad Muhammad_Muhammad Muhriz Muhyiddin Munawir Musa_Moses Muzaffar_Muzaffar Muzzil Mirzan
			Mukhtar 
			Najwan Naquiyuddin Nasrullah Naufal_Nawfal Nazrin Noh_Noah 
			Osman_Uthman Omar_Umar 
			Pendekar Putra 
			Raffi_Rafi Rashid_Rashid Ramdzan_Ramadan Rayyan_Rayyan Riayatuddin Ridhuan_Ridwan Raja Rosli Ron Rafael_Raphael Rahman_Abdalrahman Rahmat 
			Said_Said Safruddin Sahril Sahruddin Salahuddin_Saladin Salleh_Salih Samsuddin Samsul_Shamsul Sarafuddin Sirajuddin Sulaiman_Solomon Syarif_Sharif Syuib Sufyan 
			Taib_Tayyib Tajuddin Tahir_Tahir Taufik_Tawfiq Tuah Tom_Thomas
			Umar_Umar 
			Yahya_John Yunus_Jonah Yusniarsyah Yusransyah Yusuf_Joseph Yasin_Yasin
			Zainal-Abidin Zainal-Arifin Zarif Zikri Zaim_Zaim Zakaria_Zachary Zaid_Said Zulkifli Zilulah
		}
		female_names = {
			Aayizah	Afzan Aisyah_Aisha Alya Amara Aminah_Amina Arianna Arissa Asma Atbah Auliya Aura Azizah_Aziza Anisa Azimah Azwin Amirah Asiah 
			Badariah Bahiyah Bariah Budriah 
			Dhia 
			Fatima_Fatima Fatimatuz_Fatima Fauziah Fazira Fatin Fatimah_Fatima Faiza
			Hairiah Hannah_Hannah Hasmah Humaira Hafidzah Hamidah 
			Ilisha Ilma Iman Indaryani Intan Isabel_Elizabeth Iris Ilyana Indrawati Indah Irdina
			Jihan Johana_Jane 
			Keisha Khadija 
			Lusyanah 
			Maimunah Maliha Marina_Marina Marissa Maryam_Mary Maya Muazah Muzwin 
			Nadhirah Najihah Najwan Noor Norashikin Nuha Nurhidayah Nurr Nurul Natashah 
			Orked 
			Petri Puteri 
			Rafidah Raisya Rensina Rohana Ros Rosdiah Rozita Ruggyah Rosliza Rani
			Safya Sakinah Saloma Sara_Sarah Siti Sofiah Syafikah Syarifah Saliah Tiara
			Yufida Yani Yati
			Wati 
			Zahirah Zahra Zainab_Zaynab Zalila Zanariah Zara Zarith Zatashah Zerafina Zubaidah Zulaikah
		}
		from_dynasty_prefix = "dari "
		
		male_patronym = "ibni "
		female_patronym = "binti "
		prefix = yes
		
		pat_grf_name_chance = 55
		mat_grf_name_chance = 5
		father_name_chance = 30
		
		pat_grm_name_chance = 60
		mat_grm_name_chance = 15
		mother_name_chance = 15
		
		allow_looting = yes
		seafarer = yes
			
		modifier = default_culture_modifier
	}
	pahang_malay = { #Pahangian Unified Malay
		graphical_cultures = { indonesiangfx malaygfx indiangfx muslimgfx }
		secondary_event_pictures = bedouin_arabic
		
		color = { 0.87 0.57 0.67 }
	
		male_names = {
			Abas_Abbas Abdul-Aziz_Abdulaziz Abdul-Djafar_Abduljafar Abdul-Hamid_Abdulhamid Abdul-Jalil_Abduljalil Abdul-Majid_Abdulmajid Abdul-Rahman_Abdalrahman
			Abdul-Jalal Abdul-Kadir_Qadir Abdullah_Abdullah Abubakar_Abubakr Ahmad_Ahmad Adam_Adam Adnan_Adnan Akmal_Akmal Alam_Alam Alauddin_Alaeddin Ali_Ali Amar_Amar Ataullah_Ataullah Amrullah_Amrullah Andak Antah Aqil_Aqil Arifin_Arifin Ashraf_Ashraf Azlan_Aslan Alim Azim Amirul Aiman Awang 
			Badri_Badri Badrul Basyir_Bashir Borhan_Burhan Brasen Burhanuddin_Burhanuddin Bujang Bahaman_Abdalrahman  
			Dahlan Darwish_Dervish Daud_David Demang Dzulqarnain
			Elyas_Elijah Emran_Imran 
			Fadlan_Fadlan Fadzil_Fadl Faisal_Faysal Faizuddin Fariq_Fariq 
			Ghiatuddin_Ghiyasuddin 
			Hafidz_Hafiz Hakim_Hakim Halim_Halim Hamzah_Hamza Haron_Aaron Harris_Harith Hashim_Hashim Hassan_Hasan Hassanal Haziq_Haziq Hussain_Hussayn Hazim Hud 
			Ibrahim_Abraham Idrus_Idris Ikhsan_Ihsan Ishak_Isaac Iskandar_Alexander Ismail_Ishmael Izzuddin Ilham
			Karim_Karim Kassim_Qasim
			Jaafar_Jafar Jamaluddin Jamil_Jamil Jasin_Yasin Jati
			Kadir_Qadir Kamaluddin Kamaruzaman Kasim_Qasim Khalil_Khalil Khairul Kamil Kamal Koris  
			Mahathir Mahmud_Mahmud Mansur_Mansur Mazlan_Aslan Mohamad_Muhammad Muhammad_Muhammad Muhriz Muhiddin Munawir Musa_Moses Muzaffar_Muzaffar Muzzil Mustafa
			Muayat Mukhtar
			Najwan Naquiyuddin Nasrullah Naufal_Nawfal Nazrin Noh_Noah
			Osman_Uthman Omar_Umar 
			Pendekar Putra 
			Raffi_Rafi Rashid_Rashid Ramdzan_Ramadan Rayyan_Rayyan Ri'ayatuddin Ridhuan_Ridwan Raja Rosli
			Said_Said Safruddin Sahril Sahruddin Salahuddin_Saladin Salleh_Salih Samsuddin Samsul_Shamsul Sarafuddin Sirajuddin Sulaiman_Solomon Syarif_Sharif 
			Taib_Tayyib Tajuddin Tahir_Tahir Taufik_Tawfiq Tuah 
			Umar_Umar 
			Yahya_John Yunus_Jonah Yusniarsyah Yusransyah Yusuf_Joseph Yasin_Yasin
			Zainal-Abidin Zainal-Arifin Zarif Zikri Zaim_Zaim Zakaria_Zachary Zaid_Said Zulkifli
		}
		female_names = {
			Aayizah	Afzan Aisyah_Aisha Alya Amara Aminah_Amina Arianna Arissa Asma Atbah Auliya Aura Azizah_Aziza Anisa Azimah Azwin Amirah Asiah 
			Badariah Bahiyah Bariah Budriah 
			Dhia 
			Fatima_Fatima Fatimatuz_Fatima Fauziah Fazira Fatin Fatimah_Fatima Faiza
			Hairiah Hannah_Hannah Hasmah Humaira Hafidzah Hamidah 
			Ilisha Ilma Iman Indaryani Intan Isabel_Elizabeth Iris Ilyana Indrawati
			Jihan Johana_Jane 
			Keisha Khadija 
			Lusyanah 
			Maimunah Maliha Marina_Marina Marissa Maryam_Mary Maya Muazah Muzwin 
			Nadhirah Najihah Najwan Noor Norashikin Nuha Nurhidayah Nurr Nurul Natashah 
			Orked 
			Petri Puteri 
			Rafidah Raisya Rensina Rohana Ros Rosdiah Rozita Ruggyah Rosliza Rani
			Safya Sakinah Saloma Sara_Sarah Siti Sofiah Syafikah Syarifah Saliah Tiara
			Yufida Yani Yati
			Wati 
			Zahirah Zahra Zainab_Zaynab Zalila Zanariah Zara Zarith Zatashah Zerafina Zubaidah Zulaikah Zakiah
		}
		from_dynasty_prefix = "dari "
		
		male_patronym = "ibni "
		female_patronym = "binti "
		prefix = yes
		
		allow_looting = yes
		seafarer = yes
			
		modifier = default_culture_modifier
	}
	terengganu_malay = { #East Coast Malay
		graphical_cultures = { indonesiangfx malaygfx indiangfx muslimgfx }
		secondary_event_pictures = bedouin_arabic
		
		color = { 0.89 0.59 0.69 }
	
		male_names = {
			Abas_Abbas Abdul-Aziz_Abdulaziz Abdul-Djafar_Abduljafar Abdul-Hamid_Abdulhamid Abdul-Jalil_Abduljalil Abdul-Majid_Abdulmajid Abdul-Rahman_Abdalrahman
			Abdul-Jalal Abdul-Kadir_Qadir Abdullah_Abdullah Abubakar_Abubakr Ahmad_Ahmad Adam_Adam Adnan_Adnan Akmal_Akmal Alam_Alam Alauddin_Alaeddin Ali_Ali Amar_Amar Ataullah_Ataullah Amrullah_Amrullah Andak Antah Aqil_Aqil Arifin_Arifin Ashraf_Ashraf Azlan_Aslan Alim Azim Amirul Aiman Awang 
			Badri_Badri Badrul Basyir_Bashir Borhan_Burhan Brasen Burhanuddin_Burhanuddin Bilah Bujang  
			Dahlan Darwish_Dervish Daud_David Demang Dzulqarnain
			Elyas_Elijah Emran_Imran 
			Fadlan_Fadlan Fadzil_Fadl Faisal_Faysal Faizuddin Fariq_Fariq 
			Ghiatuddin_Ghiyasuddin 
			Hafidz_Hafiz Hakim_Hakim Halim_Halim Hamzah_Hamza Haron_Aaron Harris_Harith Hashim_Hashim Hassan_Hasan Hassanal Haziq_Haziq Hussain_Hussayn Hazim Hud 
			Ibrahim_Abraham Idrus_Idris Ikhsan_Ihsan Ishak_Isaac Iskandar_Alexander Ismail_Ishmael Izzuddin Indra
			Karim_Karim Kassim_Qasim
			Jaafar_Jafar Jamaluddin Jamil_Jamil Jasin_Yasin Jati 
			Kadir_Qadir Kamaluddin Kamaruzaman Kasim_Qasim Khalil_Khalil Khairul Kamil Kamal  
			Mahathir Mahmud_Mahmud Mansur_Mansur Mazlan_Aslan Mohamad_Muhammad Muhammad_Muhammad Muhriz Muhiddin Munawir Musa_Moses Muzaffar_Muzaffar Muzzil Mizan
			Mizan-Zainal Mukhtar
			Najwan Naquiyuddin Nasrullah Naufal_Nawfal Nazrin Noh_Noah Nasiruddin Nasaruddin 
			Osman_Uthman Omar_Umar 
			Pendekar Putra 
			Raffi_Rafi Rashid_Rashid Ramdzan_Ramadan Rayyan_Rayyan Ri'ayatuddin Ridhuan_Ridwan Raja Rosli
			Said_Said Safruddin Sahril Sahruddin Salahuddin_Saladin Salleh_Salih Samsuddin Samsul_Shamsul Sarafuddin Sirajuddin Sulaiman_Solomon Syarif_Sharif 
			Taib_Tayyib Tajuddin Tahir_Tahir Taufik_Tawfiq Tuah 
			Umar_Umar 
			Yahya_John Yunus_Jonah Yusniarsyah Yusransyah Yusuf_Joseph Yasin_Yasin
			Zainal-Abidin Zainal-Arifin Zarif Zikri Zaim_Zaim Zakaria_Zachary Zaid_Said Zulkifli
		}
		female_names = {
			Aayizah	Afzan Aisyah_Aisha Alya Amara Aminah_Amina Arianna Arissa Asma Atbah Auliya Aura Azizah_Aziza Anisa Azimah Azwin Amirah Asiah 
			Badariah Bahiyah Bariah Budriah 
			Dhia 
			Fatima_Fatima Fatimatuz_Fatima Fauziah Fazira Fatin Fatimah_Fatima Faiza
			Hairiah Hannah_Hannah Hasmah Humaira Hafidzah Hamidah 
			Ilisha Ilma Iman Indaryani Intan Isabel_Elizabeth Iris Ilyana Indrawati
			Jihan Johana_Jane 
			Keisha Khadija 
			Lusyanah 
			Maimunah Maliha Marina_Marina Marissa Maryam_Mary Maya Muazah Muzwin 
			Nadhirah Najihah Najwan Noor Norashikin Nuha Nurhidayah Nurr Nurul Natashah 
			Orked 
			Petri Puteri 
			Rafidah Raisya Rensina Rohana Ros Rosdiah Rozita Ruggyah Rosliza Rani
			Safya Sakinah Saloma Sara_Sarah Siti Sofiah Syafikah Syarifah Saliah Tiara
			Yufida Yani Yati
			Wati 
			Zahirah Zahra Zainab_Zaynab Zalila Zanariah Zara Zarith Zatashah Zerafina Zubaidah Zulaikah Zakiah
		}
		from_dynasty_prefix = "dari "
		
		male_patronym = "ibni "
		female_patronym = "binti "
		prefix = yes
		
		allow_looting = yes
		seafarer = yes
			
		modifier = default_culture_modifier
	}
	kedah_malay = { #North Malay
		graphical_cultures = { indonesiangfx malaygfx indiangfx muslimgfx }
		secondary_event_pictures = bedouin_arabic
		
		color = { 0.8 0.5 0.6 }
	
		male_names = {
			Abas_Abbas Abdul-Aziz_Abdulaziz Abdul-Djafar_Abduljafar Abdul-Hamid_Abdulhamid Abdul-Jalil_Abduljalil Abdul-Majid_Abdulmajid Abdul-Rahman_Abdalrahman Abdullah_Abdullah Abubakar_Abubakr Ahmad_Ahmad Adam_Adam Adnan_Adnan Akmal_Akmal Alam_Alam Alauddin_Alaeddin Ali_Ali Amar_Amar Ataullah_Ataullah Amrullah_Amrullah Andak Antah Aqil_Aqil Arifin_Arifin Ashraf_Ashraf Abu-Nawas Azlan_Aslan Alim Azim Amirul Aiman Awang 
			Badri_Badri Badrul Basyir_Bashir Badlishah Borhan_Burhan Brasen Burhanuddin_Burhanuddin 
			Dahlan Darwish_Dervish Daud_David Demang Dzulqarnain Derbar
			Elyas_Elijah Emran_Imran 
			Fadlan_Fadlan Fadzil_Fadl Faisal_Faysal Faizuddin Fariq_Fariq 
			Ghiatuddin_Ghiyasuddin 
			Hafidz_Hafiz Hakim_Hakim Halim_Halim Hamzah_Hamza Haron_Aaron Harris_Harith Hashim_Hashim Hassan_Hasan Hassanal Haziq_Haziq Hussain_Hussayn Hazim Hud 
			Ibrahim_Abraham Idrus_Idris Ikhsan_Ihsan Ishak_Isaac Iskandar_Alexander Ismail_Ishmael Izzuddin Ilham Indra
			Karim_Karim Kassim_Qasim 
			Jaafar_Jafar Jamaluddin Jamil_Jamil Jasin_Yasin Jati Jenin
			Kadir_Qadir Kamaluddin Kamaruzaman Kasim_Qasim Khalil_Khalil Khairul Kamil Kamal Karma 
			Mahathir Mahmud_Mahmud Mansur_Mansur Mazlan_Aslan Mohamad_Muhammad Muhammad_Muhammad Muhriz Muhyiddin Munawir Musa_Moses Muzaffar_Muzaffar Muzzil Mas
			Najwan Naquiyuddin Nasrullah Naufal_Nawfal Nazrin Noh_Noah
			Osman_Uthman Omar_Umar 
			Pendekar Putra 
			Raffi_Rafi Rashid_Rashid Ramdzan_Ramadan Rayyan_Rayyan Riayatuddin Ridhuan_Ridwan Raja Rosli Rijaluddin Rahman_Abdalrahman Rama
			Said_Said Safruddin Sahril Sahruddin Sallehuddin_Saladin Salleh_Salih Samsuddin Samsul_Shamsul Sarafuddin Sirajuddin Sulaiman_Solomon Syarif_Sharif 
			Taib_Tayyib Tajuddin Tahir_Tahir Taufik_Tawfiq Tuah 
			Umar_Umar 
			Yahya_John Yunus_Jonah Yusniarsyah Yusransyah Yusuf_Joseph Yasin_Yasin
			Zainal-Abidin Zainal-Arifin Zarif Zikri Zaim_Zaim Zakaria_Zachary Zaid_Said Zulkifli Zaman
		}
		female_names = {
			Aayizah	Afzan Aisyah_Aisha Alya Amara Aminah_Amina Arianna Arissa Asma Atbah Auliya Aura Azizah_Aziza Anisa Azimah Azwin Amirah Asiah 
			Badariah Bahiyah Bariah Budriah 
			Dhia 
			Fatima_Fatima Fatimatuz_Fatima Fauziah Fazira Fatin Fatimah_Fatima Faiza
			Hairiah Hannah_Hannah Hasmah Humaira Hafidzah Hamidah 
			Ilisha Ilma Iman Indaryani Intan Isabel_Elizabeth Iris Ilyana Indrawati
			Jihan Johana_Jane 
			Keisha Khadija 
			Lusyanah 
			Maimunah Maliha Marina_Marina Marissa Maryam_Mary Maya Muazah Muzwin Mahsuri 
			Nadhirah Najihah Najwan Noor Norashikin Nuha Nurhidayah Nurr Nurul Natashah 
			Orked 
			Petri Puteri 
			Rafidah Raisya Rensina Rohana Ros Rosdiah Rozita Ruggyah Rosliza Rani
			Safya Sakinah Saloma Sara_Sarah Siti Sofiah Syafikah Syarifah Saliah Tiara
			Yufida Yani Yati
			Wati 
			Zahirah Zahra Zainab_Zaynab Zalila Zanariah Zara Zarith Zatashah Zerafina Zubaidah Zulaikah Zaleha
		}
		from_dynasty_prefix = "dari "
		
		male_patronym = "ibni "
		female_patronym = "binti "
		prefix = yes
		
		allow_looting = yes
		seafarer = yes
			
		modifier = default_culture_modifier
	}
	kelantan_patani = { #Kelatan-Patani Malay
		graphical_cultures = { indonesiangfx malaygfx indiangfx muslimgfx }
		secondary_event_pictures = bedouin_arabic
		
		color = { 0.82 0.52 0.62 }
	
		male_names = {
			Abas_Abbas Abdul-Aziz_Abdulaziz Abdul-Djafar_Abduljafar Abdul-Hamid_Abdulhamid Abdul-Jalil_Abduljalil Abdul-Majid_Abdulmajid Abdullah_Abdullah Abdul-Rahman_Abdalrahman Abubakar_Abubakr Ahmad_Ahmad Adam_Adam Adnan_Adnan Akmal_Akmal Alam_Alam Alauddin_Alaeddin Ali_Ali Amar_Amar Ataullah_Ataullah Amrullah_Amrullah Andak Antah Aqil_Aqil Arifin_Arifin Ashraf_Ashraf Abunawas Azlan_Aslan Alim Azim Amirul Aiman Awang 
			Badri_Badri Badrul Basyir_Bashir Badlishah Borhan_Burhan Brasen Burhanuddin_Burhanuddin Bakal
			Dahlan Darwish_Dervish Daud_David Demang Dzulqarnain Dajang
			Elyas_Elijah Emran_Imran 
			Fadlan_Fadlan Fadzil_Fadl Faisal_Faysal Faizuddin Fariq_Fariq 
			Ghiatuddin_Ghiyasuddin 
			Hafidz_Hafiz Hakim_Hakim Halim_Halim Hamzah_Hamza Haron_Aaron Harris_Harith Hashim_Hashim Hassan_Hasan Hassanal Haziq_Haziq Hussain_Hussayn Hazim Hud 
			Ibrahim_Abraham Idrus_Idris Ikhsan_Ihsan Ishak_Isaac Iskandar_Alexander Ismail_Ishmael Izzuddin Ilham Intera
			Karim_Karim Kassim_Qasim 
			Long Long-Yunus_Jonah Long-Noh_Noah Long-Muhammad_Muhammad Long-Puteh
			Jaafar_Jafar Jamaluddin Jamil_Jamil Jasin_Yasin Jati Jenin 
			Kadir_Qadir Kamaluddin Kamaruzaman Kasim_Qasim Khalil_Khalil Khairul Kamil Kamal 
			Mahathir Mahmud_Mahmud Mansur_Mansur Mazlan_Aslan Mohamad_Muhammad Muhammad_Muhammad Muhriz Muhyiddin Munawir Musa_Moses Muzaffar_Muzaffar Muzzil Mas
			Najwan Naquiyuddin Nasrullah Naufal_Nawfal Nazrin Noh_Noah Nik
			Osman_Uthman Omar_Umar 
			Pendekar Putra 
			Raffi_Rafi Rashid_Rashid Ramdzan_Ramadan Rayyan_Rayyan Riayatuddin Ridhuan_Ridwan Raja Rosli Reman_Abdalrahman
			Said_Said Safruddin Sahril Sahruddin Sallehuddin_Saladin Salleh_Salih Samsuddin Samsul_Shamsul Sarafuddin Sirajuddin Sulaiman_Solomon Syarif_Sharif 
			Taib_Tayyib Tajuddin Tahir_Tahir Taufik_Tawfiq Tuah 
			Wan 
			Umar_Umar 
			Yahya_John Yunus_Jonah Yusniarsyah Yusransyah Yusuf_Joseph Yasin_Yasin
			Zainal-Abidin Zainal-Arifin Zarif Zikri Zaim_Zaim Zakaria_Zachary Zaid_Said Zulkifli
		}
		female_names = {
			Aayizah	Afzan Aisyah_Aisha Alya Amara Aminah_Amina Arianna Arissa Asma Atbah Auliya Aura Azizah_Aziza Anisa Azimah Azwin Amirah Asiah 
			Badariah Bahiyah Bariah Budriah 
			Dhia 
			Fatima_Fatima Fatimatuz_Fatima Fauziah Fazira Fatin Fatimah_Fatima Faiza
			Hairiah Hannah_Hannah Hasmah Humaira Hafidzah Hamidah 
			Ilisha Ilma Iman Indaryani Intan Isabel_Elizabeth Iris Ilyana Indrawati
			Jihan Johana_Jane 
			Keisha Khadija Kembang
			Lusyanah 
			Maimunah Maliha Marina_Marina Marissa Maryam_Mary Maya Muazah Muzwin Merah
			Nadhirah Najihah Najwan Noor Norashikin Nuha Nurhidayah Nurr Nurul Natashah 
			Orked 
			Petri Puteri Puteh
			Rafidah Raisya Rensina Rohana Ros Rosdiah Rozita Ruggyah Rosliza Rani
			Safya Sakinah Saloma Sara_Sarah Siti Sofiah Syafikah Syarifah Saliah Tiara
			Yufida Yani Yati
			Ungu 
			Wati 
			Zahirah Zahra Zainab_Zaynab Zalila Zanariah Zara Zarith Zatashah Zerafina Zubaidah Zulaikah Zaleha
		}
		from_dynasty_prefix = "dari "
		
		male_patronym = "ibni "
		female_patronym = "binti "
		prefix = yes
		
		allow_looting = yes
		seafarer = yes
			
		modifier = default_culture_modifier
	}
	reman_malay = { #Kelatan-Patani Malay + Kedah influence
		graphical_cultures = { indonesiangfx malaygfx indiangfx muslimgfx }
		secondary_event_pictures = bedouin_arabic
		
		color = { 0.86 0.56 0.66 }
	
		male_names = {
			Abas_Abbas Abdul-Aziz_Abdulaziz Abdul-Djafar_Abduljafar Abdul-Hamid_Abdulhamid Abdul-Jalil_Abduljalil Abdul-Majid_Abdulmajid Abdullah_Abdullah Abdul-Rahman_Abdalrahman Abubakar_Abubakr Ahmad_Ahmad Adam_Adam Adnan_Adnan Akmal_Akmal Alam_Alam Alauddin_Alaeddin Ali_Ali Amar_Amar Ataullah_Ataullah Amrullah_Amrullah Andak Antah Aqil_Aqil Arifin_Arifin Ashraf_Ashraf Abunawas Azlan_Aslan Alim Azim Amirul Aiman Awang 
			Badri_Badri Badrul Basyir_Bashir Badlishah Borhan_Burhan Brasen Burhanuddin_Burhanuddin 
			Dahlan Darwish_Dervish Daud_David Demang Dzulqarnain 
			Elyas_Elijah Emran_Imran 
			Fadlan_Fadlan Fadzil_Fadl Faisal_Faysal Faizuddin Fariq_Fariq 
			Ghiatuddin_Ghiyasuddin 
			Hafidz_Hafiz Hakim_Hakim Halim_Halim Hamzah_Hamza Haron_Aaron Harris_Harith Hashim_Hashim Hassan_Hasan Hassanal Haziq_Haziq Hussain_Hussayn Hazim Hud 
			Ibrahim_Abraham Idrus_Idris Ikhsan_Ihsan Ishak_Isaac Iskandar_Alexander Ismail_Ishmael Izzuddin Ilham 
			Karim_Karim Kassim_Qasim 
			Long Long-Yunus_Jonah Long-Noh_Noah Long-Muhammad_Muhammad
			Jaafar_Jafar Jamaluddin Jamil_Jamil Jasin_Yasin Jati Jenin
			Kadir_Qadir Kamaluddin Kamaruzaman Kasim_Qasim Khalil_Khalil Khairul Kamil Kamal Kandis
			Mahathir Mahmud_Mahmud Mansur_Mansur Mazlan_Aslan Mohamad_Muhammad Muhammad_Muhammad Muhriz Muhyiddin Munawir Musa_Moses Muzaffar_Muzaffar Muzzil Mas
			Najwan Naquiyuddin Nasrullah Naufal_Nawfal Nazrin Noh_Noah Nik
			Osman_Uthman Omar_Umar 
			Pendekar Putra 
			Raffi_Rafi Rashid_Rashid Ramdzan_Ramadan Rayyan_Rayyan Riayatuddin Ridhuan_Ridwan Raja Rosli Reman_Abdalrahman Rama
			Said_Said Safruddin Sahril Sahruddin Sallehuddin_Saladin Salleh_Salih Samsuddin Samsul_Shamsul Sarafuddin Sirajuddin Sulaiman_Solomon Syarif_Sharif 
			Taib_Tayyib Tajuddin Tahir_Tahir Taufik_Tawfiq Tuah 
			Wan
			Umar_Umar 
			Yahya_John Yunus_Jonah Yusniarsyah Yusransyah Yusuf_Joseph Yasin_Yasin
			Zainal-Abidin Zainal-Arifin Zarif Zikri Zaim_Zaim Zakaria_Zachary Zaid_Said Zulkifli Zaman 
		}
		female_names = {
			Aayizah	Afzan Aisyah_Aisha Alya Amara Aminah_Amina Arianna Arissa Asma Atbah Auliya Aura Azizah_Aziza Anisa Azimah Azwin Amirah Asiah 
			Badariah Bahiyah Bariah Budriah 
			Dhia 
			Fatima_Fatima Fatimatuz_Fatima Fauziah Fazira Fatin Fatimah_Fatima Faiza
			Hairiah Hannah_Hannah Hasmah Humaira Hafidzah Hamidah Hijau
			Ilisha Ilma Iman Indaryani Intan Isabel_Elizabeth Iris Ilyana Indrawati
			Jihan Johana_Jane 
			Keisha Khadija 
			Lusyanah 
			Maimunah Maliha Marina_Marina Marissa Maryam_Mary Maya Muazah Muzwin Merah
			Nadhirah Najihah Najwan Noor Norashikin Nuha Nurhidayah Nurr Nurul Natashah 
			Orked 
			Petri Puteri Puteh
			Rafidah Raisya Rensina Rohana Ros Rosdiah Rozita Ruggyah Rosliza Rani
			Safya Sakinah Saloma Sara_Sarah Siti Sofiah Syafikah Syarifah Saliah Tiara
			Yufida Yani Yati
			Ungu
			Wati 
			Zahirah Zahra Zainab_Zaynab Zalila Zanariah Zara Zarith Zatashah Zerafina Zubaidah Zulaikah Zaleha
		}
		from_dynasty_prefix = "dari "
		
		male_patronym = "ibni "
		female_patronym = "binti "
		prefix = yes
		
		allow_looting = yes
		seafarer = yes
			
		modifier = default_culture_modifier
	}
	
	kutainese = { #Mainstream Malay
		graphical_cultures = { indonesiangfx malaygfx indiangfx muslimgfx }
		secondary_event_pictures = bedouin_arabic
		
		color = { 0.87 0.63 0.72 }
	
		male_names = {
			Abas_Abbas Abdul-Aziz_Abdulaziz Abdul-Djafar_Abduljafar Abdul-Hamid_Abdulhamid Abdul-Jalil_Abduljalil Abdul-Majid_Abdulmajid Abdul-Rahman_Abdalrahman Abdullah_Abdullah Abubakar_Abubakr Ahmad_Ahmad Adam_Adam Adnan_Adnan Akmal_Akmal Alam_Alam Alauddin_Alaeddin Ali_Ali Amar_Amar Amrullah_Amrullah Andak Antah Aqil_Aqil Arifin_Arifin Ashraf_Ashraf Ataullah_Ataullah Azlan_Aslan
			Badri_Badri Badrul Basyir_Bashir Borhan_Burhan Brasen Burhanuddin_Burhanuddin 
			Dahlan Darwish_Dervish Daud_David Demang Dzulqarnain 
			Elyas_Elijah Emran_Imran
			Fadlan_Fadlan Fadzil_Fadl Faisal_Faysal Faizuddin Fariq_Fariq 
			Ghiatuddin_Ghiyasuddin 
			Hafidz_Hafiz Hakiem_Hakim Halim_Halim Hamzah_Hamza Haron_Aaron Harris_Harith Hashim_Hashim Hassan_Hasan Hassanal Haziq_Haziq Hussain_Hussayn 
			Ibrahim_Abraham Idrus_Idris Ikhsan_Ihsan Ishak_Isaac Iskandar_Alexander Ismail_Ishmael Izzuddin 
			Karim_Karim Kassim_Qasim
			Jaafar_Jafar Jamaluddin Jamil_Jamil Jasin_Yasin Jati
			Kadir_Qadir Kamaluddin Kamaruzaman Kasim_Qasim Khalil_Khalil
			Mahathir Mahmud_Mahmud Mansur_Mansur Mazlan_Aslan Mohamad_Muhammad Muhammad_Muhammad Muhriz Muhyiddin Mukarram Munawir Musa_Moses Muzaffar_Muzaffar Muzzil
			Najwan Naquiyuddin Nasrullah Naufal_Nawfal Nazrin Noh_Noah
			Osman_Uthman 
			Pendekar Putra
			Raffi_Rafi Rashid_Rashid Ramdzan_Ramadan Rayyan_Rayyan Riayatuddin Ridhuan_Ridwan
			Said_Said Safruddin Sahril Sahruddin Salahuddin_Saladin Salleh_Salih Samsuddin Samsul_Shamsul Sarafuddin Sirajuddin Sulaiman_Solomon Syarif_Sharif 
			Taib_Tayyib Tajuddin Tahir_Tahir Taufik_Tawfiq Tuah 
			Umar_Umar 
			Yahya_John Yunus_Jonah Yusniarsyah Yusransyah Yusuf_Joseph 
			Zainal-Abidin Zainal-Arifin Zarif Zikri
		}
		female_names = {
			Aayizah	Afzan Aisyah_Aisha Alya Amara Aminah_Amina Arianna Arissa Asma Atbah Auliya Aura Azizah_Aziza 
			Badariah Bahiyah Bariah Budriah
			Dhia
			Fatima_Fatima Fatimatuz_Fatima Fauziah Fazira 
			Hairiah Hannah_Hannah Hasmah Humaira 
			Ilisha Ilma Iman Indaryani Intan Isabel_Elizabeth 
			Jihan Johana_Jane 
			Keisha Khadija 
			Lusyanah 
			Maimunah Maliha Marina_Marina Marissa Maryam_Mary Maya Muazah Muzwin
			Nadhirah Najihah Najwan Noor Norashikin Nuha Nurhidayah Nurr Nurul 
			Orked 
			Petri Puteri 
			Rafidah Raisya Rensina Rohana Ros Rosdiah Rozita Ruggyah 
			Safya Sakinah Saloma Sara_Sarah Siti Sofiah Tiara 
			Yufida 
			Zahirah Zahra Zainab_Zaynab Zalila Zanariah Zara Zarith Zatashah Zerafina Zubaidah
		}
		from_dynasty_prefix = "dari "
		
		male_patronym = "ibni "
		female_patronym = "binti "
		prefix = yes
		
		allow_looting = yes
		seafarer = yes
			
		modifier = default_culture_modifier
	}
	singapura = { #Singaporean culture
		graphical_cultures = { sinosoutheastasiangfx indonesiangfx indiangfx muslimgfx }
		secondary_event_pictures = bedouin_arabic
		
		dynasty_name_first = yes
		
		color = { 0.82 0.6 0.7 }
		
		male_names = {
			Abdul_Abdul Ahmad_Ahmad Anthony_Anthony Aziz_Aziz 
			Balaji Boon-keng Brian_Brian
			Calvin_Calvin Charles_Charles Cheng-liang Che-tsai Chia-ching Chi-chun Chi-hsiang Chih-ying Chin Chin-chye Ching-jung Cho-yaw Chok-tong Cho-liang Choon-seng Choor Chou Chu Chuan-huing Chun-lin
			Daud_David Davinder Devan 
			Eak-chong Eu-chin Eugene_Eugene
			Hong Hong-png Houei-kuen Hsiao-hsien Hsien-chi Hsien-loong Hung-hsiang Hunmah Hussin_Hussayn
			Ibrahim_Abraham Idris_Idris Inderjit In-ting Isa_Jesus Ishak_Isaac Iskandar_Alexander Ismail_Ishmael
			John_John Joshua_Joshua 
			Kah-kee Kai Kanagaratnam Kang Kartar Keng-swee Keng-yam Kevin_Kevin Kim-ching Kim-seng Kim-wee Kishore Kong-chian Kuan-lin Kuan-yew Kun-fang Kuo-huang
			Lark-sye Lei Leng-beng Lucas_Luke
			Martin_Martin Mei-shu Ming Ming-liang Min-you Muhammad_Muhammad Musa_Moses Mustapha_Mustafa 
			Narayana Navroji Nee-soon Nicholas_Nicholas
			Othman_Uthman
			Pan Paul_Paul Po-cheng Pritam
			Rajabali Robert_Robert
			See-tong Sellapan Sharif_Sharif Shih-chiao Shin-che Shu-hao Shui-long Shunmugam Sinnathamby Sivakant Song Sow-hsin Subhas Sulaiman_Solomon Suppiah 
			Tai Taib_Tayyib Teck-puat Teng-pho Te-sheng Teng-cheong Tharman Thia-khiang Thomas_Thomas Tock-seng Tshiong-tso Tze-fan
			Uen
			Vijaya Vincent_Vincent
			William_William Wong Wong-hoo
			Yang Yao-ting Yew-hock You-peng You-sheng Yu-Chien Yu-ching Yuk-hei Yunus_Jonah Yusof_Joseph 
			Zakaria_Zachary
		}
		female_names = {
			Aisha_Aisha Alexandra_Alexandra Aminah_Amina Angela_Angela Azizah_Aziza
			Badariah Bethany_Bethany Bianca_Blanche
			Caroline_Caroline Catherine_Catherine Chiao-en Chi-chen Chi-ling Ching-hsia Ching-hui Ching-yi Ching-yun Chiu-luan Chun Chun-chen 
			Elizabeth_Elizabeth Emma_Emma
			Fan Fang Fatima_Fatima Fen 
			Habibah_Habiba Hadijah_Khadija Haslinda Helena_Helen Hsi-Lei Hsin Hua Huan Hui Hui-hsin 
			I-ling Irene_Irene
			Jane_Jane Jennifer_Jennifer Jessica_Jessica Julia_Julia
			Kamala_Kamala Kimberly_Kimberly Kun
			Lan Li-Chun Lim Ling Lucy_Lucia
			Malika_Malika Maryam_Mary Michelle_Michelle Monica_Monica 
			Norleena Nuraliza 
			Olivia_Olivia
			Rachel_Rachel Rafiqah
			Salma_Salma Sara_Sarah Shih-hsin Su Su-wei 
			Teresa_Theresa Tzu-yu 
			Victoria_Victoria
			Ya Ya-chih Yan Yi Yi-chen Ying Ying-git Yu Yun Yun-yun
			Wati
			Zoey_Zoe
		}
		
		feminist = yes
		
		allow_looting = yes
		seafarer = yes
			
		modifier = default_culture_modifier
	}
	cina = { #Sino-malay
		graphical_cultures = { chinesegfx indonesiangfx malaygfx mongolgfx muslimgfx }
		secondary_event_pictures = bedouin_arabic
		
		dynasty_name_first = yes
		
		color = { 255 178 0 }

		male_names = {
			Aaron_Aaron Adam_Adam Alexander_Alexander Andrew_Andrew
			Boon-keng Boon-siew Brendan_Brandon
			Chay-yan Cheang-lim Chee-hun Chee-yioun Chii-yuan Chin-liang Choo-choon Chor-ee Christopher_Christopher
			Daniel_Daniel Douglas_Douglas
			Edward_Edward Eric_Erik
			Fee-ming Fook-ling Francis_Francis
			George_George Goh-tong
			Heng-jem Hiew-king Hiok-nee Hock-eng Hong-piow Hung-wee
			Isaac_Isaac
			James_James Jeffrey_Geoffrey Jin-hong
			Ka-kian Kai-meng Kang-hoo Keng-quee Kevin_Kevin Kheng-seong Khein-seng Kian-hui Kin-ju Kok-thay Kong-leong
			Leng-chan Lien-teh Liew Lip-keong Loke-yew Loy-seng
			Mark_Mark Melvin_Melvin Meng-chee Michael_Michael Ming-liang Mun-kee Mun-sen
			Nicholas_Nicholas Nigel_Nigel
			Oscar_Oscar
			Peter_Peter Pin-kuan
			Quincy_Quintus 
			Remy_Remigius Robert_Robert Ronald_Ronald Rynn
			Sin-nam Shaun_John Shin-cheng Sock-ping Steven_Stephen
			Tang-niu Tiang-chye Tian-hann Tien-ghee Tiong-lay Thim-heng Thye-phin Tong-sen Tuck-kan
			Victor_Victor Vincent_Vincent
			William_William
			Yen-lang Yi-chieng Ying-cern Ying-tong Yoke-choy Yu-zhong
			Zang
		}
		female_names = {
			Alexis_Alexia Amber_Amber Angelica_Angela Angie_Angela Anna_Anna
			Bethany_Bethany
			Carmen_Carmen Caroline_Caroline Celine Cheryline Chew-yen Choo-kheng Christina_Christina Chui-mui Chui-peng 
			Elizabeth_Elizabeth
			Freya
			Gaik-sim Grace_Grace
			Hang-ngai Hannah_Hannah Hoan Hoong-ling Hui-le
			Jane_Jane Jessica_Jessica Josephine_Josephine Julia_Julia
			Karen_Catherine
			Lai-yee Larissa_Larisa Lillian_Elizabeth Lina Lyndel
			Maria_Mary Melinda Mew-choo Michelle_Michelle
			Natasha_Natalie
			Penelope_Penelope Phyllis_Phyllis Pick-lim
			Rachel_Rachel Red
			Sarah_Sarah Scha Sheena Sherry Siu-hui Sue-mun Su-lin Su-mei Sze-kei
			Teresa_Theresa
			Victoria_Victoria Vivien_Vivian
			Wei-yeng
			Yeet Yi Yue-sheen
			Zhi-hui
		}
		feminist = yes
		allow_looting = yes
		seafarer = yes
		
		parent = hokkien
		parent = malay
		dynasty_title_names = no
		
		modifier = default_culture_modifier
	}
	ambon = { #Ambonese people
		graphical_cultures = { indonesiangfx malaygfx indiangfx muslimgfx }
		secondary_event_pictures = bedouin_arabic
		
		color = { 105 79 224 }
	
		male_names = {
			Abas_Abbas Abdul-Aziz_Abdulaziz Abdul-Djafar_Abduljafar Abdul-Hamid_Abdulhamid Abdul-Jalil_Abduljalil Abdul-Majid_Abdulmajid Abdul-Rahman_Abdalrahman Abdullah_Abdullah Abubakar_Abubakr Ahmad_Ahmad Adam_Adam Adnan_Adnan Akmal_Akmal Alam_Alam Alauddin_Alaeddin Ali_Ali Amar_Amar Amrullah_Amrullah Andak Antah Aqil_Aqil Arifin_Arifin Ashraf_Ashraf Ataullah_Ataullah Azlan_Aslan
			Badri_Badri Badrul Basyir_Bashir Bernard_Bernard Borhan_Burhan Brasen Burhanuddin_Burhanuddin 
			Dahlan Daniel_Daniel Darwish_Dervish Daud_David Demang Dzulqarnain 
			Elyas_Elijah Emran_Imran
			Fadlan_Fadlan Fadzil_Fadl Faisal_Faysal Faizuddin Fariq_Fariq 
			Ghiatuddin_Ghiyasuddin 
			Hafidz_Hafiz Hakiem_Hakim Halim_Halim Hamzah_Hamza Haron_Aaron Harris_Harith Hashim_Hashim Hassan_Hasan Hassanal Haziq_Haziq Henry_Henry Hussain_Hussayn 
			Ibrahim_Abraham Idrus_Idris Ikhsan_Ihsan Ishak_Isaac Iskandar_Alexander Ismail_Ishmael Izzuddin 
			Jaafar_Jafar Jamaluddin Jamil_Jamil Jasin_Yasin Jati John_John Julius_Julius
			Kadir_Qadir Kamaluddin Kamaruzaman Karim_Karim Kasim_Qasim Khalil_Khalil
			Lambert_Lambert Lukas_Luke
			Mahathir Mahmud_Mahmud Mansur_Mansur Martin_Martin Mazlan_Aslan Mohamad_Muhammad Muhammad_Muhammad Muhriz Muhyiddin Mukarram Munawir Musa_Moses Muzaffar_Muzaffar Muzzil
			Najwan Naquiyuddin Nasrullah Naufal_Nawfal Nazrin Noh_Noah
			Osman_Uthman 
			Pendekar Petrus_Peter Philip_Phillip Putra
			Raffi_Rafi Rashid_Rashid Ramdzan_Ramadan Rayyan_Rayyan Riayatuddin Ridhuan_Ridwan
			Said_Said Safruddin Sahril Sahruddin Salahuddin_Saladin Salleh_Salih Samsuddin Samsul_Shamsul Sarafuddin Sirajuddin Sulaiman_Solomon Syarif_Sharif 
			Taib_Tayyib Tajuddin Tahir_Tahir Taufik_Tawfiq Timotheus_Timothy Tuah 
			Umar_Umar 
			Yahya_John Yunus_Jonah Yusniarsyah Yusransyah Yusuf_Joseph 
			Zainal-Abidin Zainal-Arifin Zarif Zikri
		}
		female_names = {
			Aayizah	Afzan Aisyah_Aisha Alya Amara Aminah_Amina Arianna Arissa Asma Atbah Auliya Aura Azizah_Aziza 
			Badariah Bahiyah Bariah Budriah
			Dhia
			Fatima_Fatima Fatimatuz_Fatima Fauziah Fazira 
			Hairiah Hannah_Hannah Hasmah Humaira 
			Ilisha Ilma Iman Indaryani Intan Isabel_Elizabeth 
			Jihan Johana_Jane 
			Keisha Khadija 
			Lusyanah 
			Maimunah Maliha Marina_Marina Marissa Maryam_Mary Maya Muazah Muzwin
			Nadhirah Najihah Najwan Noor Norashikin Nuha Nurhidayah Nurr Nurul 
			Orked 
			Petri Puteri 
			Rafidah Raisya Rensina Rohana Ros Rosdiah Rozita Ruggyah 
			Safya Sakinah Saloma Sara_Sarah Siti Sofiah Tiara 
			Yufida 
			Zahirah Zahra Zainab_Zaynab Zalila Zanariah Zara Zarith Zatashah Zerafina Zubaidah
		}
		from_dynasty_prefix = "dari "
		
		male_patronym = "ibni "
		female_patronym = "binti "
		prefix = yes
		
		allow_looting = yes
		seafarer = yes
			
		modifier = default_culture_modifier
	}	
	mantawai = { #Mentawai people
		graphical_cultures = { indonesiangfx malaygfx indiangfx muslimgfx }
		secondary_event_pictures = bedouin_arabic
		
		color = { 0.6 0.3 0.5 }
	
		male_names = {
			Abas_Abbas Abdul-Aziz_Abdulaziz Abdul-Djafar_Abduljafar Abdul-Hamid_Abdulhamid Abdul-Jalil_Abduljalil Abdul-Majid_Abdulmajid Abdul-Rahman_Abdalrahman Abdullah_Abdullah Abubakar_Abubakr Ahmad_Ahmad Adam_Adam Adnan_Adnan Akmal_Akmal Alam_Alam Alauddin_Alaeddin Ali_Ali Amar_Amar Amrullah_Amrullah Andak Antah Aqil_Aqil Arifin_Arifin Ashraf_Ashraf Ataullah_Ataullah Azlan_Aslan
			Badri_Badri Badrul Basyir_Bashir Borhan_Burhan Brasen Burhanuddin_Burhanuddin 
			Dahlan Darwish_Dervish Daud_David Demang Dzulqarnain 
			Elyas_Elijah Emran_Imran
			Fadlan_Fadlan Fadzil_Fadl Faisal_Faysal Faizuddin Fariq_Fariq 
			Ghiatuddin_Ghiyasuddin 
			Hafidz_Hafiz Hakiem_Hakim Halim_Halim Hamzah_Hamza Haron_Aaron Harris_Harith Hashim_Hashim Hassan_Hasan Hassanal Haziq_Haziq Hussain_Hussayn 
			Ibrahim_Abraham Idrus_Idris Ikhsan_Ihsan Ishak_Isaac Iskandar_Alexander Ismail_Ishmael Izzuddin 
			Karim_Karim Kassim_Qasim
			Jaafar_Jafar Jamaluddin Jamil_Jamil Jasin_Yasin Jati
			Kadir_Qadir Kamaluddin Kamaruzaman Kasim_Qasim Khalil_Khalil
			Mahathir Mahmud_Mahmud Mansur_Mansur Mazlan_Aslan Mohamad_Muhammad Muhammad_Muhammad Muhriz Muhyiddin Mukarram Munawir Musa_Moses Muzaffar_Muzaffar Muzzil
			Najwan Naquiyuddin Nasrullah Naufal_Nawfal Nazrin Noh_Noah
			Osman_Uthman 
			Pendekar Putra
			Raffi_Rafi Rashid_Rashid Ramdzan_Ramadan Rayyan_Rayyan Riayatuddin Ridhuan_Ridwan
			Said_Said Safruddin Sahril Sahruddin Salahuddin_Saladin Salleh_Salih Samsuddin Samsul_Shamsul Sarafuddin Sirajuddin Sulaiman_Solomon Syarif_Sharif 
			Taib_Tayyib Tajuddin Tahir_Tahir Taufik_Tawfiq Tuah 
			Umar_Umar 
			Yahya_John Yunus_Jonah Yusniarsyah Yusransyah Yusuf_Joseph 
			Zainal-Abidin Zainal-Arifin Zarif Zikri
		}
		female_names = {
			Aayizah	Afzan Aisyah_Aisha Alya Amara Aminah_Amina Arianna Arissa Asma Atbah Auliya Aura Azizah_Aziza 
			Badariah Bahiyah Bariah Budriah
			Dhia
			Fatima_Fatima Fatimatuz_Fatima Fauziah Fazira 
			Hairiah Hannah_Hannah Hasmah Humaira 
			Ilisha Ilma Iman Indaryani Intan Isabel_Elizabeth 
			Jihan Johana_Jane 
			Keisha Khadija 
			Lusyanah 
			Maimunah Maliha Marina_Marina Marissa Maryam_Mary Maya Muazah Muzwin
			Nadhirah Najihah Najwan Noor Norashikin Nuha Nurhidayah Nurr Nurul 
			Orked 
			Petri Puteri 
			Rafidah Raisya Rensina Rohana Ros Rosdiah Rozita Ruggyah 
			Safya Sakinah Saloma Sara_Sarah Siti Sofiah Tiara 
			Yufida 
			Zahirah Zahra Zainab_Zaynab Zalila Zanariah Zara Zarith Zatashah Zerafina Zubaidah
		}
		from_dynasty_prefix = "dari "
		
		male_patronym = "ibni "
		female_patronym = "binti "
		prefix = yes
		
		allow_looting = yes
		seafarer = yes
			
		modifier = default_culture_modifier
	}
	indonesian = { #Dutch Spelling for Indonesian words/names
		graphical_cultures = { indonesiangfx malaygfx indiangfx muslimgfx }
		secondary_event_pictures = bedouin_arabic
		
		color = { 2.5 0.0 0.0 }
	
		male_names = {
			Abas_Abbas Abdoel-Aziz_Abdulaziz Abdoel-Djafar_Abduljafar Abdoel-Hamid_Abdulhamid Abdoel-Djalil_Abduljalil Abdoel-Madjid_Abdulmajid Abdoel-Rahman_Abdalrahman Abdoelah_Abdullah Aboebakar_Abubakr Ahmad_Ahmad Adam_Adam Adnan_Adnan Akmal_Akmal Alam_Alam Alaoeddin_Alaeddin Ali_Ali Amar_Amar Amroelah_Amrullah Andak Antah Aqel_Aqil Arifin_Arifin Asjraf_Ashraf Ataoelah_Ataullah Azlan_Aslan
			Badri_Badri Badroel Basjir_Bashir Boerhan_Burhan Brasen Burhanoedin_Burhanuddin Batman
			Chadir_Qadir Chamaloeddin Chamaroezaman Chasim_Qasim Chalil_Khali			
			Dahlan Darwish_Dervish Daoed_David Demang Dzulqarnain Djaafar_Jafar Djamaloeddin Djamil_Jamil Djasin_Yasin Djati Djoko Djojo Djiwa Djonathan
			Eljas_Elijah Emran_Imran
			Fadlan_Fadlan Fadzil_Fadl Faisal_Faysal Faizoeddin Fariq_Fariq Fransiskoes_Francis F
			Giatoeddin_Ghiyasuddin 
			Hafidz_Hafiz Hakiem_Hakim Halim_Halim Hamza'_Hamza Haroen_Aaron Harris_Harith Hashim_Hashim Hassan_Hasan Hassanal Haziq_Haziq Hussain_Hussayn 
			Ibrahim_Abraham Idrus_Idris Ichsan_Ihsan Ishak_Isaac Iskandar_Alexander Ismail_Ishmael Izzoeddin 
			Jahja_John Joenoes_Jonah Joesniarsjah Joesransjah Joesoef_Joseph Jesoes_Jesus
			Karim_Karim Kassim_Qasim Koesno
			Lambertoes_Lambert Loetjas_Luke Lani 
			Mahathir Mahmoed_Mahmud Mansoer_Mansur Mazlan_Aslan Moehamad_Muhammad Moehammad_Muhammad Moehriz Moehjiddin Moekarram Moenawir Moesa_Moses Moezaffar_Muzaffar Moezzil M Md
			Nadjwan Naqoeijoeddin Nasroellah Naoefal_Nawfal Nazrin Noeh_Noah N
			Pendekar Poetra
			Raffi_Rafi Rashid_Rashid Ramdzan_Ramadan Rajjan_Rayyan Riajatoeddin Ridhoean_Ridwan Robert_Robert Roland_Roland Rjudji Ragga Roebal Rowo
			Said_Said Safroeddin Sahril Sahroeddin Salahoeddin_Saladin Salleh_Salih Samsoeddin Samsoel_Shamsul Sarafoeddin Sirajoeddin Sulajman_Solomon Sjarif_Sharif Soekarno_Sukarno Soeharto_Suharto Soeparman_Suparman Soegidjo_Sugijo Soeprano_Suprano Sachti_Sakti Soehara_Suhara S
			Taib_Tayyib Tadjoeddin Tahir_Tahir Taoefik'_Tawfiq Toeah Tjordosega Tjakri Tj 
			Oemar_Umar Oesman_Uthman
			Victor_Victor Vintjent_Vincent 
			William_William Wishnoe_Vishnu Waris 
			Zainal-Abidin Zainal-Arifin Zarif Zikri Z
		}
		female_names = {
			Aajiza'	Afzan Aisjah_Aisha Alechia_Alexia Alja Amanda_Amanda Amara Amina'_Amina Andrea_Andrea Arianna Arissa Asma Astrid_Astrid Atbah Aoeliya Aoera Aziza'_Aziza Aditi 
			Badariah Bahijah Bariah Boedria' Bhagawati 
			Christine_Christina 
			Dhia Doema Devi Diana_Diana Djennifer_Jennifer Djessica_Jessica Djihan Djohana_Jane Djosephine_Josephine Djovita Djojce Djoeliana_Juliana Djoelie_Julia Djiwa 
			Elizabeth_Elizabeth Elvira_Elvira Eva_Eve Ella_Elizabeth 
			Fatima'_Fatima Faoeziah Fazira Francestja_Frances Frederika_Frederique Fredja Faoezana Farah F 
			Gista Ganga 
			Hairia' Hannah_Hannah Hasmah Helena_Helen Helsi Hoemaira Herrawati 
			Ilisja Ilma Iman Imelda Indarjani Intan Isabela_Elizabeth 
			Jufida
			Kartika Keisja Kerenina Kiki Kirana Kjlie 
			Lusjanah Lana' Leah_Leah 
			Maimoena' Maliha Maria'_Mary Marina_Marina Marissa Marjam_Mary Maja Moeazah Moezwin Marpoea' Marpaza Megawati M
			Nadhirah Nadine_Nadezhda Nadjihah Nadjwan Noor Norasjikin Noeha Noerhidajah Noerr Noeroel N
			Octavia_Octavia Orked 
			Paulina_Paula Poetri_Putri Petri_Putri 
			Rachel_Rachel Rafidah Raisya Rensina Rohana Ros Rosdiah Rozita Ruggjah  
			Safja Sakinah Saloma Sandra_Alexandra Sara_Sarah Shenina Siti Soraja Saripah_Syarifa 
			Tatjana_Tatiana Talenta Taman Tjaitlin_Caitlin Tjlarasjinta Tjoet Tjinta Tj
			Oenikoee 
			Vanessa_Vanessa 
			Wanda Wati Wani W
			Zahirah Zahra Zainab_Zaynab Zalila Zanaria' Zara Zarith Zaskia Zatasjah Zerafina Zoebaidah Z
		}
		from_dynasty_prefix = "desa "
		
		male_patronym = "poetra"
		female_patronym = "poetri"
		
		allow_looting = yes
		seafarer = yes
		feminist=yes
			
		modifier = default_culture_modifier
	}
	serani = { #Portuguese-Malay cultural fusion (has some Dutch influence) AKA Kristang
		graphical_cultures = { southerngfx germangfx indonesiangfx malaygfx }
		
		color = { 0 0.50 1 }
		alternate_start = {
			OR = {
				year >= 1000
				has_alternate_start_parameter = { key = culture value = full_random }
			}
		}

		male_names = {
			Adriaan_Adrian Afonso_Alphonse Ahmad_Ahmad Alberto_Albert Alexandre_Alexander Andr_Andrew ngelo_Angel Antnio_Anthony Arnaldo_Arnold Artur_Arthur Albrecht_Albert Ambroos_Ambrose Arnulf_Arnulf
			Bernardo_Bernard Bruno_Bruno Barend_Bernard Bernhard_Bernard Bartolomeus_Bartholomew Benedictus_Benedict Benjamin_Benjamin Brahim_Abraham
			Carlos_Charles Csar_Caesar Cludio_Claudius Cristiano_Christian Clemens_Clement Cornelis_Cornelius 
			Damio_Damian David_David Diogo_Diaco Dinis_Dionysus Duarte_Edward Daevit_David Diederik_Theodoric Dominicus_Dominic
			Edgar_Edgar Egas Emanuel_Emmanuel Emlio_Emil Estevo_Stephen Ekbert_Egbert Engelbrecht_Engelbert 
			Fbio_Fabius Fernando_Ferdinand Filipe_Phillip Flvio_Flavius Francisco_Francis Frederik_Frederick
			Gabriel_Gabriel Garca_Garcia Gaspar_Caspar Gil_Egidius Gomes_Gomez Gonalo_Gonzalo Guilherme_William Gustavo_Gustav 
			Hendrik_Henry Hugo_Hugh Herman_Herman
			Igor_Ingvar Incio_Ignatius Ijsbrand Ibrahim_Abraham Ishak_Isaac
			Jaime_James Joo_John Joaquim_Joachim Joel_Joel Jos_Joseph Juliano_Julian Juang_John
			Kevin_Kevin Kristang_Christian Kristof_Christopher 
			Leandro_Leander Loureno_Lawrence Lucas_Luke Lus_Louis 
			Manuel_Emmanuel Marco_Mark Mrio_Marius Martim_Martin Mateus_Matthew Mendo_Mendo Miguel_Michael Monio_Munio Mamud_Mahmud
			Nicolau_Nicholas Norberto_Norbert Nuno_Nuno
			Octvio_Octavius scar_Oscar
			Paio_Pelagius Paulo_Paul Pedro_Peter Plinio_Pliny 
			Rafael_Raphael Raimundo_Raymond Ral_Ralph Renato_Renatus Roberto_Robert Rodrigo_Roderick Rolando_Roland Rui_Roderick 
			Salvador_Salvador Sancho_Sancho Santiago_Diaco Sebastio_Sebastian Srgio_Sergius Simo_Simon Soeiro_Suero 
			Teodoro_Theodore Teodsio_Theodosius Tiago_Diaco Timoteo_Timothy Toms_Thomas
			Ulisses_Odysseus
			Vasco_Vasco Vicente_Vincent Vtor_Victor Vincius_Vinicius
			Xavier_Xavier
			Zacarias_Zachary
		}
		female_names = {
			Adriana_Adriana Aldara_Alduara Aldona_Aldonza Alexandra_Alexandra Alcia_Alice Ana_Anna Andre_Andrea ngela_Angela Anita_Anna Ariana_Ariadne Amina_Amina
			Brbara_Barbara Beatriz_Beatrix Bianca_Blanche Budriah
			Camila_Camilla Carlota_Charlotte Carolina_Caroline Catarina_Catherine Cludia_Claudia Clo_Chloe Constana_Constance 
			Diana_Diana Doroteia_Dorothy 
			Edite_Edith Elvira_Elvira Ema_Emma rica_Erika Ester_Esther Estevainha_Stephanie Eva_Eve 
			Ftima_Fatima Flora_Flora Francisca_Frances Filippa_Philippa Fatima_Fatima
			Gabriela_Gabriela Gontinha Gontroda_Gotruda Guiomar 
			Helena_Helen Henritte_Henriette
			Ins_Agnes ris_Iris Isabel_Elizabeth 
			Jssica_Jessica Joana_Jane Judite_Judith Jlia_Julia Juliana_Juliana 
			Laura_Laura Leonor_Eleanor Lusa_Louise Lucia_Louise
			Madalena_Madeline Mafalda Margarida_Margaret Maria_Mary Marinha_Marina Marta_Martha Matilde_Matilda Melissa_Melissa Mnica_Monica 
			Nicole_Nicole Nria
			Ouroana 
			Patrcia_Patricia Priscila
			Rafaela Rebeca_Rebecca
			Sancha_Sancha Sara_Sarah Sofia_Sophia Sandra_Alexandra Snia_Sonia
			Tatiana_Tatiana Teodora_Theodora Teresa_Theresa 
			Urraca_Urraca
			Vera_Vera Vanessa_Vanessa Vernica_Veronica Vitria_Victoria
			Wilhelmina_Wilhelmina
			Yasmin_Jasmine Yvonne_Yvonne 
			Zo_Zoe 
		}
		parent = malay
		parent = portuguese
		parent = dutch
		from_dynasty_prefix = "di "
		male_patronym = "es"
		female_patronym = "es"
		grammar_transform = spanish
		feminist = yes

		modifier = default_culture_modifier
		allow_looting = yes
		seafarer = yes

		pat_grf_name_chance = 55
		mat_grf_name_chance = 5
		father_name_chance = 30
		
		pat_grm_name_chance = 60
		mat_grm_name_chance = 15
		mother_name_chance = 15
	}	
}