occitanophone = {
	alternate_start = {
		NOR = {
			has_alternate_start_parameter = { key = special_culture value = animal_world }
			has_alternate_start_parameter = { key = special_culture value = alien_world }
			has_alternate_start_parameter = { key = special_culture value = animal_alien_world }
		}
	}
	graphical_cultures = { westerngfx }
	
	true_occitan = { #True Occitan, highly isolated from French influence even prior to the Event.
		graphical_cultures = { trueoccitangfx occitangfx }
		
		color = { 0.85 0.85 0.08 }

		male_names = { 
			Abbé-Faria_Abbe-Faria Abèl_Abel Absalon_Absalom Achilo_Achilles Adofe_Adolf Adrien_Adrian Agulin_Aquilinus Aguste_Augustus Agustin_Augustine Aicart_Ekkehard Aimador_Amator Aimat_Amatus Aimeric_Aymeric Aimon_Haimo Aiquem Aiwendil_Aiwendil Alari_Hilarius Alatar_Alatar Albèrt_Albert Alboín_Alvin Aldarion_Aldarion Alderic_Aldric Aldiquièr_Adalger Aldoin Alem_Alan Alèxis_Alexis Alfrèd_Alfred Alissandre_Alexander Alòi_Eligius Amadèu_Amadeus Amanç_Amantius Amandil_Amandil Ambèrt_Amalbert Ambròsi_Ambrose Amfós_Alphonse Amic_Amicus Amiel_Emil Amroth_Amroth Anárion_Anarion Anastasi_Anastasius Anatòli_Anatolius Andraut Andrieu_Andrew Angèl_Angel Antòni_Anthony Aragorn_Aragorn Aramis_Aramis Archambaut_Archibald Armand_Herman Arnaut_Arnold Arthur_Arthur Atanamir_Atanamir Athos_Athos Auguste_Augustus Aurèle_Aurelius Avrigny Axel_Axel Aymar_Aymeric
			Baptistin_Baptist Barahir_Barahir Bartoumiéu_Bartholomew Basile_Basil Baudoin_Baldwin Beneset_Benedict Bëor_Beor Bérard_Bernard Berenguié_Berengar Bermond_Vermudo Bernat_Bernard Bertrand_Bertrand Beauchamp Boromir_Boromir Boville Brandir_Brandir Bruno_Bruno 
			Calixte_Callistus Calogrenant_Calogrenant Cambacérès_Cambaceres Casimir_Casimir Caspian_Caspian Castelmore Cédric_Cedric Celebrimbor_Celebrimbor César_Caesar Charles_Charles Christophe_Christopher Clamenç_Clement Claude_Claudius Constantin_Constantine 
			Damien_Damian Daniel_Daniel Darius_Darius D'Artagnan_D'Artagnan Dàvi_David DeGaulle_DeGaulle Denis_Dionysus Didier_Desiderius Dimitri_Demetrius Donat_Donatus Doumenge_Dominic Draco_Drago Drinian_Drinian Driss_Idris 
			Eärendil_Earendil Ecthelion_Ecthelion Edmond_Edmund Édouard_Edward Eldacar_Eldacar Elros_Elros Émile_Emil Emmanuèl_Emmanuel Erkenbrand_Erkenbrand Estève_Stephen Eugène_Eugene 
			Fabien_Fabian Faramir_Faramir Felaróf_Felarof Félix_Felix Fernand_Ferdinand Flavius_Flavius Florènç_Florentius Folquet_Folke François_Francis Frederi_Frederick 
			Gabriel_Gabriel Galdor_Galdor Gaspard_Caspar Gaston_Gaston Gautier_Walter Georges_George Gerontius_Gerontius Gilbèrt_Gilbert Girard_Gerard Grégory_Gregory Guillaume_William Guiraud_Gerald Gustave_Gustav Guy_Guy
			Haldir_Haldir Henri_Henry Herbert_Herbert Hugo_Hugh Hyarmendacil_Hyarmendacil
			Igòr_Ingvar Isildur_Isildur Ismaël_Ishmael 
			Jacme_James Jaufret_Geoffrey Jean_John Jean-Antoine_Jean-Antoine Jean-Armand_Jean-Armand Jean-Baptiste_John-Baptist Jean-Charles_John-Charles Jean-Christophe_Jean-Christophe Jean-Nestor_Jean-Nestor Jean-Pierre_John-Peter Jerome_Jerome Joachim_Joachim Jordan_Jordan Josèp_Joseph Julian_Julian Jules_Julius 
			Kenzo_Kenzo Kévin_Kevin Kylian_Kilian
			Lafayette_Lafayette Lahcène_Hasan Lambert_Lambert Laurènç_Lawrence Legolas_Legolas Léon_Leo Louis_Louis Luc_Luke Lucien_Lucian Ludovic_Louis 
			Marc_Mark Marius_Marius Martin_Martin Matias_Matthew Michel_Michael Mohamed_Muhammad Montaigne_Montaigne Mousqueton
			Napoléon_Napoleon Nicholaus_Nicholas Noirtier-de-Villefort_Noirtier-de-Villefort Numérobis_Numerobis 
			Olivier_Oliver Oscar_Oscar Otton_Otto 
			Paladin_Paladin Pascal_Pascal Patrice_Patrick Paul_Paul Pierre_Peter Philippe_Phillip Planchet Pontus_Pontius Porthos_Porthos
			Quasimodo_Quasimodo
			Raphaël_Raphael Raimond_Raymond Rainaut_Reynold Rainer_Rainer Raoul_Ralph René_Renatus Richard_Richard Robèrt_Robert Rodrigue_Roderick Rogier_Roger Roheryn_Roheryn Roland_Roland
			Samuel_Samuel Sandre_Alexander Sébastien_Sebastian Serge_Sergius Sigismond_Sigmund Simon_Simon Sméagol_Smeagol Sylvain_Silvanus 
			Thengel_Thengel Thierry_Theodoric Thomas_Thomas Thorondor_Thorondor Tibaud_Theobald Timothé_Timothy Tréville_Treville Tristan_Tristan
			Ubert_Humbert Ulysse_Odysseus Urbain_urban
			Valacar_Valacar Vézian Vicenç_Vincent Victor_Victor Villefort Vlad_Vladimir
			Walton_Walton Wilmore
			Younès_Jonah Yves_Yves
			Xavier_Xavier
			Zain_Zain Zénon_Zenon Zola_Zola
		}
		female_names = {
			Adèle_Adela Adalaide_Adelaide Agata_Agatha Agnès_Agnes Aisha_Aisha Alice_Alice Almòdis_Almodis Ana_Anna Ancalimë_Ancalime Antoinette_Antonia Arsenda_Arsenda Audrey 
			Beatrix_Beatrix Belladonna Blanche_Blanche Bonne_Bonne Bridgette_Bridget
			Camille_Camilla Caroline_Caroline Catherine_Catherine Cecilia_Cecilia Celebrían_Celebrian Cendrillon_Cendrillon Charlotte_Charlotte Claire_Clara Clemència_Clementia Cloutilda_Clotilde Constància_Constance 
			Danielle_Daniela Daphné_Daphne
			Eärwen_Earwen Elenwë_Elenwe Éléonore_Eleanor Élisabeth_Elizabeth Éowyn_Eowyn Ermengarda_Ermengarde Ermessentz_Ermesinda Eufèmia_Euphemia Eugénie_Eugenia
			Fatima_Fatima Filipa_Philippa Fleur-de-Lys_Fleur-de-Lys Francine_Frances 
			Gabrielle_Gabriela Galadriel_Galadriel Georgette_Georgia Gilraen_Gilraen Gloria_Gloria Guenièvre_Jennifer Guilheumina_Willhelmina 
			Haleth Haydée Hélène_Helen Heloise_Eloise Henriette_Henriette Hermione
			Ioreth_Ioreth Irène_Irene Isabelle_Elizabeth 
			Jeanette_Jane Joana_Jane Juliana_Juliana Julie_Julia
			Laura_Laura Louise_Louise 
			Madeleine_Madeline Marguerite_Margaret Marie_Mary Marta_Martha Matilda_Matilda Melisènda_Melisende Mercédès_Mercedes
			Nathalie_Natalie Nicole_Nicole 
			Patricia_Patricia Pauline_Paula Pétronille_Peronella 
			Raimonda_Ramona Renée_Renata Richènda_Ricarda Rosa_Rosa 
			Sibil_Sibyl Silmarien_Silmarien Sophie_Sophia Stéphanie_Stephanie Suzanne_Susan
			Tamara_Tamar Telperien_Telperien Terèsa_Theresa Théodora_Theodora Tinúviel_Tinuviel 
			Valentine_Valentina Vera_Vera Véronique_Veronica Victoire_Victoria
			Yvonne_Yvonne
		}
		from_dynasty_prefix = "de "
		grammar_transform = french
		dukes_called_kings = yes
		feminist = yes
		modifier = default_culture_modifier
		# Chance of male children being named after their paternal or maternal grandfather, or their father. Sum must not exceed 100.
		pat_grf_name_chance = 30
		mat_grf_name_chance = 10
		father_name_chance = 25
		
		# Chance of female children being named after their paternal or maternal grandmother, or their mother. Sum must not exceed 100.
		pat_grm_name_chance = 20
		mat_grm_name_chance = 40
		mother_name_chance = 5
	}
	catalan = { #Modern Catalan with a few Spanish names
		graphical_cultures = { southerngfx }
		
		color = { 0.85 0.75 0.08 }

		male_names = {
			Adam_Adam Adriá_Adrian Agustí_Augustine Alberto_Albert Aleix_Alexis Alexandre_Alexander Alfons_Alphonse Álvaro_Alvar Amadeu_Amadeus Andreu_Andrew Àngel_Angel Antoni_Anthony Armand_Herman Arnau_Arnold Artur_Arthur August_Augustus 
			Bartomeu_Bartholomew Berenguer_Berengar Bernat_Bernard Blai_Blaise Bonaventura 
			Carles_Charles Climent_Clement Cosme_Cosmas
			Dalmau_Dalmatius Daniel_Daniel David_David Dídac_Diaco Donato_Donatus Domingo_Dominic 
			Eduard_Edward Emilio_Emil Enric_Henry Èric_Erik Ernesto_Ernest Estanislau_Stanislav Esteve_Stephen 
			Felip_Phillip Félix_Felix Ferran_Ferdinand Francesc_Francis Frederic_Frederick 
			Gabriel_Gabriel Geraldo_Gerald Gerard_Gerard Gilberto_Gilbert Gonzalo_Gonzalo Guillem_William
			Héctor_Hector Hugo_Hugh 
			Ignasi_Ignatius Isaac_Isaac 
			Jacint_Hyacinthus Jan_John Jaume_James Joan_John Joaquim_Joachim Jofré_Godfrey Jordá_Jordan Jordi_George Josep_Joseph Julià_Julian
			Kevin_Kevin Kílian_Kilian
			Llorenç_Lawrence Lluc_Luke Lluís_Louis 
			Manuel_Emmanuel Marc_Mark Marcel_Marcellus Màrius_Marius Martí_Martin Mateu_Matthew Màxim_Maximus Melcior_Melchior Miquel_Michael
			Narcís_Narcissus Nicolau_Nicholas
			Oliver_Oliver Oriol Òscar_Oscar 
			Pau_Paul Pere_Peter Pol_Paul Ponç_Pontius
			Rafael_Raphael Ramon_Raymond Raúl_Ralph Reginald_Reynold Ricardo_Richard Roc_Rocco Roderic_Roderick Roger_Roger Rolando_Roland Romà_Roman Rubèn_Reuben
			Salvador_Salvador Sancho_Sancho Santiago_Diaco Sebastià_Sebastian Sergio_Sergius Simó_Simon 
			Tomàs_Thomas
			Valentín_Valentine Vicenç_Vincent Víctor_Victor Vidal_Vitale
			Xavier_Xavier
		}
		female_names = {
			Abril_April Adelaida_Adelaide Agnès_Agnes Alba Alexandra_Alexandra Alèxia_Alexia Alícia_Alice Àngela_Angela Anna_Anna Ariadna_Ariadne Assumpció 
			Beatriu_Beatrix Berta_Bertha Blanca_Blanche 
			Carla_Caroline Carme_Carmel Caterina_Catherine Cecília_Cecilia Clara_Clara Clàudia_Claudia Constança_Constance Cristina_Christina 
			Diana_Diana Dolors_Dolores
			Elisabet_Elizabeth Emma_Emma Estefania_Stephanie Ester_Esther Eulàlia_Eulalia
			Fàtima_Fatima Francesca_Frances
			Gemma Genoveva_Genevieve Glòria_Gloria 
			Íngrid_Ingrid Inmaculada Isabel_Elizabeth 
			Jana_Jane Joana_Jane Josefina_Josephine Júlia_Julia 
			Laura_Laura Leonor_Eleanor Lídia_Lydia Llúcia_Lucia Lluïsa_Louise 
			Magdalena_Madeline Margarida_Margaret Maria_Mary Marina_Marina Marta_Martha Martina_Martina Mercè_Mercedes Mònica_Monica Montserrat 
			Natàlia_Natalie Núria
			Olivia_Olivia
			Patricia_Patricia Paula_Paula
			Queralt
			Rosa_Rosa
			Sancha_Sancha Sara_Sarah Sílvia_Silvia Sofia_Sophia Susanna_Susan 
			Teresa_Theresa 
			Valèria_Valeria Victòria_Victoria
			Xènia_Xenia
			Zoè_Zoe
        }
		from_dynasty_prefix = "de "
		male_patronym = "is"
		female_patronym = "is"
		grammar_transform = spanish
		feminist = yes

		pat_grf_name_chance = 50
		mat_grf_name_chance = 10
		father_name_chance = 30
		
		pat_grm_name_chance = 40
		mat_grm_name_chance = 25
		mother_name_chance = 25

		modifier = default_culture_modifier
	}
	valencian = { #Modern Catalan with a few Spanish names
		graphical_cultures = { southerngfx }
		
		color = { 0.65 0.75 0.08 }

		male_names = {
			Adam_Adam Adriá_Adrian Agustí_Augustine Alberto_Albert Aleix_Alexis Alexandre_Alexander Alfons_Alphonse Álvaro_Alvar Amadeu_Amadeus Andreu_Andrew Àngel_Angel Antoni_Anthony Armand_Herman Arnau_Arnold Artur_Arthur August_Augustus 
			Bartomeu_Bartholomew Berenguer_Berengar Bernat_Bernard Blai_Blaise Bonaventura 
			Carles_Charles Climent_Clement Cosme_Cosmas
			Dalmau_Dalmatius Daniel_Daniel David_David Dídac_Diaco Donato_Donatus Domingo_Dominic 
			Eduard_Edward Emilio_Emil Enric_Henry Èric_Erik Ernesto_Ernest Estanislau_Stanislav Esteve_Stephen 
			Felip_Phillip Félix_Felix Ferran_Ferdinand Francesc_Francis Frederic_Frederick 
			Gabriel_Gabriel Geraldo_Gerald Gerard_Gerard Gilberto_Gilbert Gonzalo_Gonzalo Guillem_William
			Héctor_Hector Hugo_Hugh 
			Ignasi_Ignatius Isaac_Isaac 
			Jacint_Hyacinthus Jan_John Jaume_James Joan_John Joaquim_Joachim Jofré_Godfrey Jordá_Jordan Jordi_George Josep_Joseph Julià_Julian
			Kevin_Kevin Kílian_Kilian
			Llorenç_Lawrence Lluc_Luke Lluís_Louis 
			Manuel_Emmanuel Marc_Mark Marcel_Marcellus Màrius_Marius Martí_Martin Mateu_Matthew Màxim_Maximus Melcior_Melchior Miquel_Michael
			Narcís_Narcissus Nicolau_Nicholas
			Oliver_Oliver Oriol Òscar_Oscar 
			Pau_Paul Pere_Peter Pol_Paul Ponç_Pontius
			Rafael_Raphael Ramon_Raymond Raúl_Ralph Reginald_Reynold Ricardo_Richard Roc_Rocco Roderic_Roderick Roger_Roger Rolando_Roland Romà_Roman Rubèn_Reuben
			Salvador_Salvador Sancho_Sancho Santiago_Diaco Sebastià_Sebastian Sergio_Sergius Simó_Simon 
			Tomàs_Thomas
			Valentín_Valentine Vicenç_Vincent Víctor_Victor Vidal_Vitale
			Xavier_Xavier
		}
		female_names = {
			Abril_April Adelaida_Adelaide Agnès_Agnes Alba Alexandra_Alexandra Alèxia_Alexia Alícia_Alice Àngela_Angela Anna_Anna Ariadna_Ariadne Assumpció 
			Beatriu_Beatrix Berta_Bertha Blanca_Blanche 
			Carla_Caroline Carme_Carmel Caterina_Catherine Cecília_Cecilia Clara_Clara Clàudia_Claudia Constança_Constance Cristina_Christina 
			Diana_Diana Dolors_Dolores
			Elisabet_Elizabeth Emma_Emma Estefania_Stephanie Ester_Esther Eulàlia_Eulalia
			Fàtima_Fatima Francesca_Frances
			Gemma Genoveva_Genevieve Glòria_Gloria 
			Íngrid_Ingrid Inmaculada Isabel_Elizabeth 
			Jana_Jane Joana_Jane Josefina_Josephine Júlia_Julia 
			Laura_Laura Leonor_Eleanor Lídia_Lydia Llúcia_Lucia Lluïsa_Louise 
			Magdalena_Madeline Margarida_Margaret Maria_Mary Marina_Marina Marta_Martha Martina_Martina Mercè_Mercedes Mònica_Monica Montserrat 
			Natàlia_Natalie Núria
			Olivia_Olivia
			Patricia_Patricia Paula_Paula
			Queralt
			Rosa_Rosa
			Sancha_Sancha Sara_Sarah Sílvia_Silvia Sofia_Sophia Susanna_Susan 
			Teresa_Theresa 
			Valèria_Valeria Victòria_Victoria
			Xènia_Xenia
			Zoè_Zoe
        }
		from_dynasty_prefix = "de "
		male_patronym = "is"
		female_patronym = "is"
		grammar_transform = spanish
		feminist = yes

		pat_grf_name_chance = 50
		mat_grf_name_chance = 10
		father_name_chance = 30
		
		pat_grm_name_chance = 40
		mat_grm_name_chance = 25
		mother_name_chance = 25

		modifier = default_culture_modifier
	}
	balearic = { #Modern Catalan with a few Spanish names
		graphical_cultures = { southerngfx }
		
		color = { 0.85 0.75 0.15 }

		male_names = {
			Adam_Adam Adriá_Adrian Agustí_Augustine Alberto_Albert Aleix_Alexis Alexandre_Alexander Alfons_Alphonse Álvaro_Alvar Amadeu_Amadeus Andreu_Andrew Àngel_Angel Antoni_Anthony Armand_Herman Arnau_Arnold Artur_Arthur August_Augustus 
			Bartomeu_Bartholomew Berenguer_Berengar Bernat_Bernard Blai_Blaise Bonaventura 
			Carles_Charles Climent_Clement Cosme_Cosmas
			Dalmau_Dalmatius Daniel_Daniel David_David Dídac_Diaco Donato_Donatus Domingo_Dominic 
			Eduard_Edward Emilio_Emil Enric_Henry Èric_Erik Ernesto_Ernest Estanislau_Stanislav Esteve_Stephen 
			Felip_Phillip Félix_Felix Ferran_Ferdinand Francesc_Francis Frederic_Frederick 
			Gabriel_Gabriel Geraldo_Gerald Gerard_Gerard Gilberto_Gilbert Gonzalo_Gonzalo Guillem_William
			Héctor_Hector Hugo_Hugh 
			Ignasi_Ignatius Isaac_Isaac 
			Jacint_Hyacinthus Jan_John Jaume_James Joan_John Joaquim_Joachim Jofré_Godfrey Jordá_Jordan Jordi_George Josep_Joseph Julià_Julian
			Kevin_Kevin Kílian_Kilian
			Llorenç_Lawrence Lluc_Luke Lluís_Louis 
			Manuel_Emmanuel Marc_Mark Marcel_Marcellus Màrius_Marius Martí_Martin Mateu_Matthew Màxim_Maximus Melcior_Melchior Miquel_Michael
			Narcís_Narcissus Nicolau_Nicholas
			Oliver_Oliver Oriol Òscar_Oscar 
			Pau_Paul Pere_Peter Pol_Paul Ponç_Pontius
			Rafael_Raphael Ramon_Raymond Raúl_Ralph Reginald_Reynold Ricardo_Richard Roc_Rocco Roderic_Roderick Roger_Roger Rolando_Roland Romà_Roman Rubèn_Reuben
			Salvador_Salvador Sancho_Sancho Santiago_Diaco Sebastià_Sebastian Sergio_Sergius Simó_Simon 
			Tomàs_Thomas
			Valentín_Valentine Vicenç_Vincent Víctor_Victor Vidal_Vitale
			Xavier_Xavier
		}
		female_names = {
			Abril_April Adelaida_Adelaide Agnès_Agnes Alba Alexandra_Alexandra Alèxia_Alexia Alícia_Alice Àngela_Angela Anna_Anna Ariadna_Ariadne Assumpció 
			Beatriu_Beatrix Berta_Bertha Blanca_Blanche 
			Carla_Caroline Carme_Carmel Caterina_Catherine Cecília_Cecilia Clara_Clara Clàudia_Claudia Constança_Constance Cristina_Christina 
			Diana_Diana Dolors_Dolores
			Elisabet_Elizabeth Emma_Emma Estefania_Stephanie Ester_Esther Eulàlia_Eulalia
			Fàtima_Fatima Francesca_Frances
			Gemma Genoveva_Genevieve Glòria_Gloria 
			Íngrid_Ingrid Inmaculada Isabel_Elizabeth 
			Jana_Jane Joana_Jane Josefina_Josephine Júlia_Julia 
			Laura_Laura Leonor_Eleanor Lídia_Lydia Llúcia_Lucia Lluïsa_Louise 
			Magdalena_Madeline Margarida_Margaret Maria_Mary Marina_Marina Marta_Martha Martina_Martina Mercè_Mercedes Mònica_Monica Montserrat 
			Natàlia_Natalie Núria
			Olivia_Olivia
			Patricia_Patricia Paula_Paula
			Queralt
			Rosa_Rosa
			Sancha_Sancha Sara_Sarah Sílvia_Silvia Sofia_Sophia Susanna_Susan 
			Teresa_Theresa 
			Valèria_Valeria Victòria_Victoria
			Xènia_Xenia
			Zoè_Zoe
        }
		from_dynasty_prefix = "de "
		male_patronym = "is"
		female_patronym = "is"
		grammar_transform = spanish
		feminist = yes

		pat_grf_name_chance = 50
		mat_grf_name_chance = 10
		father_name_chance = 30
		
		pat_grm_name_chance = 40
		mat_grm_name_chance = 25
		mother_name_chance = 25

		modifier = default_culture_modifier
	}
	andorran = {
		graphical_cultures = { southerngfx }
		
		color = { 0.88 0.71 0.12 }

		male_names = {
			Adam_Adam Adriá_Adrian Agustí_Augustine Albert_Albert Aleix_Alexis Alex_Alexander Alexandre_Alexander Alfons_Alphonse Andreu_Andrew Angel_Angel Antoni_Anthony Arna_Arnold Arnau_Arnold Artau_Artal Artur_Arthur August_Augustus 
			Bartomeu_Bartholomew Berenguer_Berengar Berenguer-Ramon Bernat_Bernard Bernat-Guillem Biel_Gabriel Blai_Blaise 
			Carles_Charles Cesc_Francis Chimo_Joachim Climent_Clement Cosme_Cosmas
			Dalmau_Dalmatius Dídac_Diaco Donat_Donatus Domingo_Dominic 
			Eduard_Edward Eloi_Eligius Enric_Henry Eric_Erik Ermengol_Ermengaud Esteve_Stephen 
			Felip_Phillip Felipe_Phillip Feliu_Felix Ferran_Ferdinand Francesc_Francis Frederic_Frederick 
			Gabriel_Gabriel Gausfred_Godfrey Gerard_Gerard Gombau Gonçal_Gonzalo Guerau_Gerald Guifré_Wilfred Guillem_William Guillem-Ramon Guislabert_Gilbert
			Héctor_Hector Higini_Hyginus Hugó_Hugh 
			Ignasi_Ignatius Isaac_Isaac 
			Jacinto_Hyacinthus Jan_John Jaume_James Jaumet_James Joan_John Joan-Pau Joaquim_Joachim Jofré_Godfrey Jordá_Jordan Jordi_George Josep_Joseph Josep-Maria Julià_Julian
			Llorenç_Lawrence Lluc_Luke Lluís_Louis 
			Manel_Emmanuel Marc_Mark Marcel_Marcellus Martí_Martin Mateu_Matthew Melcior_Melchior Miquel_Michael
			Narcís_Narcissus Nicolau_Nicholas Nil
			Oliver_Oliver Oriol Oscar_Oscar Ott_Otto 
			Pau_Paul Pere_Peter Pol_Paul Ponç_Pontius Ponç-Hug 
			Quim_Joachim
			Raimon_Raymond Ramon_Raymond Ramon-Berenguer_Raymond-Berengar Ramon-Folc Raül_Ralph Reginald_Reynold Ricard_Richard Roc_Rocco Roderic_Roderick Roger_Roger Roma_Roman Ruben_Reuben
			Salvador_Salvador Sanç_Sancho Sebastià_Sebastian Sergi_Sergius Simeó_Simon Sunyer_Sunyer 
			Tomas_Thomas
			Udalard
			Vicenç_Vincent Vicent_Vincent Víctor_Victor
			Xavi_Xavier Xavier_Xavier Ximo_Joachim
		}
		female_names = {
			Abril Adelaida_Adelaide Agnes_Agnes Aina Alamanda Alba Alexandra_Alexandra Alexia_Alexia Alícia_Alice Anais_Anna Angela_Angela Anna_Anna Ariadna_Ariadne Arlet Assumpció Arsenda_Arsenda 
			Beatriu_Beatrix Berta Blanca_Blanche Brunisenda 
			Carla_Caroline Carme_Carmel Caterina_Catherine Clara_Clara Claudia_Claudia Constança_Constance 
			Diana_Diana Dolça_Douce Dolors_Dolores
			Elia Elionor_Eleanor Elisabet_Elizabeth Elisenda Ermessenda_Ermesinda Estefania_Stephanie Ester_Esther Eulalia_Eulalia
			Fatima_Fatima Francesca_Frances
			Galla Gemma Gueraua Guillelma_Willhelmina Guisla_Gisela 
			Imma Immaculada Íngrid_Ingrid Isabel_Elizabeth 
			Jana_Jane Joana_Jane Joaquima Júlia_Julia 
			Laia_Eulalia Lídia_Lydia Llúcia_Lucia Lluisa_Louise 
			Magdalena Mar Margarida_Margaret Maria_Mary Maria-Josep Mariona_Mary Marquesa_Marquise Marta_Martha Martina_Martina Merce_Mercedes Meritxell Micaela_Michelle Mireia Monica Monserrat Montse 
			Natalia_Natalie Neus Núria
			Ona
			Paula_Paula
			Queralt
			Remei Roser
			Salut Sança_Sancha Sara_Sarah Sibila_Sibylla Sílvia_Silvia Sofia_Sophia Susanna_Susan 
			Teresa_Theresa Toda_Toda 
			Valeria_Valeria Victoria_Victoria Violant_Yolanda
			Zoe_Zoe
        }
		from_dynasty_prefix = "de "
		male_patronym = "is"
		female_patronym = "is"
		grammar_transform = spanish
		feminist = yes

		pat_grf_name_chance = 50
		mat_grf_name_chance = 10
		father_name_chance = 30
		
		pat_grm_name_chance = 40
		mat_grm_name_chance = 25
		mother_name_chance = 25

		modifier = default_culture_modifier
	}
}