sino_austronesian = {
	alternate_start = {
		NOR = {
			has_alternate_start_parameter = { key = special_culture value = animal_world }
			
			
		}
	}
	graphical_cultures = { chinesegfx mongolgfx indiangfx muslimgfx }
	
	cina = { #Sino-Malays from Malaya and Borneo
		graphical_cultures = { sinosoutheastasiangfx indonesiangfx malaygfx mongolgfx muslimgfx }
		secondary_event_pictures = bedouin_arabic
		
		dynasty_name_first = yes
		
		color = { 255 178 0 }

		male_names = {
			Aaron_Aaron Adam_Adam Alexander_Alexander Andrew_Andrew
			Beng-kiat Beng-chuan Beng-huat Beng-hock Beng-seng Boon-keng Boon-siew Boon-chye Boon-heng Boon-kiat Boon-leong Boon-seng Brendan_Brandon
			Chay-yan Cheang-lim Chee-beng Chee-hun Chee-kong Chee-yioun Chee-wah Chii-yuan Chin-boon Chin-huat Chin-kiang Chin-liang Chong-hock Choo-choon Chor-ee Choon-kiat Choon-lai Chuan-kok Christopher_Christopher
			Daniel_Daniel David_David Douglas_Douglas
			Ee-hong Eng-hock Eng-keong Eng-seng Eng-kiat Eng-hoon Eng-leong En-yong En-sheng
			Fee-ming Fook-chuan Fook-heng Fook-kiang Fook-leong Fook-seng Fook-teck Fook-yu Fook-ling Francis_Francis
			George_George Gerald_Gerald Gan-eng Gan-seng Gan-mao Gan-hoon Goh-tong Goh-beng Goh-cheng Goh-hock Goh-kim Goh-koon Goh-lim Goh-seng Goh-teik Guang-liang Guang-long Guang-chuan Guang-li Guo-wei Guo-zhi
			Heng-jem Heng-kim Hiew-king Hiok-nee Hock-aun Hock-chye Hock-eng Hock-hin Hock-khee Hock-leong Hock-seng Hong-piow Hong-tat Huat-seng Hui-min Hung-wee
			Isaac_Isaac In-ting
			Jacob_Jacob James_James Jeffrey_Geoffrey Jeremy_Jeremiah Jin-hong Jing-han John_John Jonathan_Jonathan Joshua_Joshua Jun-hao
			Ka-kian Kah-heng Kah-wai Kai-meng Kang-hoo Kang-huat Keng-quee Keng-huat Keng-leong Kevin_Kevin Kheng-seong Khein-seng Kian-boon Kian-hui Kian-teck Kian-yew Kian-lim Kin-ju Kim-boon Kim-cheng Kim-huat Kim-leng Kim-liong Kim-seng Kok-chye Kok-kiong Kok-thay Kok-leong Kong-huat Kong-kiat Kong-leong Kwee-huat
			Leng-chan Leng-hock Leng-kee Lian-huat Lian-kok Lian-seng Lien-teh Liew Lim-huat Lim-seng Lim-choon Lim-keong Lim-tat Lip-keong Loh-kim Loke-yew Leong-chuan Leong-teck Loy-seng
			Mark_Mark Melvin_Melvin Meng-chee Meng-kiong Meng-leong Michael_Michael Ming-huat Ming-hui Ming-liang Mun-kee Mun-sen Mun-kit Mun-fai Mun-leong
			Nicholas_Nicholas Nigel_Nigel
			Oskar_Oscar
			Peh-kuan Peter_Peter Philip_Phillip Pin-kuan Poh-choon Poh-huat Poh-seng
			Remy_Remigius Ren-hao Robert_Robert Ronald_Ronald Rynn
			Seng-aun Seng-chye Seng-huat Seng-kok Shaun_John Sheng-hao Shin-cheng Simon_Simon Sin-hock Sin-leong Sock-ping Steven_Stephen Swee-kiat Swee-leong Swee-hock Swee-kong
			Tang-niu Teck-chye Teck-huat Teck-seng Teck-soon Teck-leong Tian-chye Tiang-chye Tian-hann Tien-ghee Tiong-beng Tiong-kok Tiong-lay Thim-heng Thye-phin Tong-sen Tuck-kan
			Victor_Victor Vincent_Vincent
			Wei-ren Wen-hao Weng-kai William_William
			Xiang-long Xuan-yu
			Yap-heng Yen-lang Yew-chuan Yew-kiat Yeow Yeow-chu Yeow-han Yeow-hong Yee-siang Yi-chieng Ying-cern Ying-tong Yong-jie Yoke-choy Yu-zhong Yuan-zheng Yew-huat Yit-keong Yun-leong
			Zang Zhao-hui Zhen-yang Zhi-hao
		}
		female_names = {
			Ah-lian Ah-neo Ah-choo Ah-gek Ah-eng Ah-hoon Ah-yan Ah-mui Ah-yen Ah-cheng
			Bee-lian Bee-hoon Bee-gek Bee-im Bee-neo Bee-mui Bee-hong Bee-choo Bee-eng Bee-yoke
			Chai-ling Chai-yen Chia-lian Chia-hoon Chia-neo Chia-gek Chia-choo Chia-hong Chia-eng Chia-im Chee-ling Chee-yin Chew-yen Choo-kheng Choo-lian Choo-gek Choo-neo Choo-hoon Choo-mui Choo-eng Choo-yen Choo-hong
			Dai-ling Dai-yee Ding-yee Ding-ling Duan-ling Duan-yee
			Elizabeth_Elizabeth En-yi En-ling Eng-neo Eng-lian Eng-gek Eng-choo Eng-mui Eng-hong Eng-im Eng-yan
			Fei-ling Feiyin Fong-yee Fong-ling Fui-ling Fui-yin
			Gaik-sim Grace_Grace Guan-ling Guan-yee Gek-lian Gek-hoon Gek-eng Gek-yoke Gek-hong Gek-im Gek-choo Gek-mui
			Hang-ngai Hui-ling Hui-sim Huan-yee Huan-ling Hoan Hoong-ling Hui-le Hui-ling Hui-yin Hong-neo Hong-gek Hong-lian Hong-hoon Hong-mui Hong-choo Hong-yen Hong-eng
			Im-hoon Im-lian Im-gek Im-neo Im-choo Im-hong Im-eng Im-yoke Ing-ling Ing-yin Ai-yee Ai-ling
			Jing-ling Jing-yee Joo-yee Joo-ling Joyce_Joyce
			Kee-ling Kee-yan Kim-lian Kim-neo Kim-gek Kim-hoon Kim-choo Kim-mui Kim-hong Kim-yen
			Lai-yee Julia_Julia Li-ling Li-hua Lei-yen Lei-ling Lee-lee Lee-ying Lina Lindy Lindel Ling-ling Lian-hoon Lian-gek Lian-neo Lian-choo Lian-eng Lian-mui Lian-hong Lian-im
			Mei-ling Mei-yee Mei-mei Meiling Mew-choo Michelle_Michelle Min-min Mui-lian Mui-hoon Mui-neo Mui-choo Mui-eng Mui-gek Mui-im Mui-hong
			Nai-yee Nai-ling Ning-yee Ning-ling Neo-lian Neo-hoon Neo-choo Neo-gek Neo-eng Neo-mui Neo-hong Neo-yoke
			Pei-ling Pei-yin Ping-ling Ping-yee Pick-lim Poh-yin
			Rachel_Rachel Rebecca_Rebecca Rui-ling Rui-yee Ru-ling
			Sarah_Sarah Sy-hoon Sy-lian Sy-choo Sy-gek Sy-im Sy-eng Sy-neo Siew-lian Siew-hoon Siew-gek Siew-neo Siew-mui Siew-eng Siew-hong Siew-im Soo-ling Siew-yee Siew-hui Siew-ling Siew-yen Siu-hui Sue-mun Su-lin Su-mei Swee-kim Sze-kei Sze-yin
			Tan-kim Tan-neo Tan-lian Tan-gek Tan-choo Tan-hoon Tan-eng Tan-im Teo-lian Teo-neo Teo-gek Teo-choo Teo-hoon Teo-mui Teo-eng Teo-yoke Tiffany_Tiffany Ting-yee Ting-ling Toh-ling Toh-yee
			Vanessa_Vanessa Wai-ling Wai-yee Victoria_Victoria Wei-yeng
			Wendy_Wendy Yeet Yee-ling Yi Yue-sheen Yu-ling
			Yen-lian Yen-neo Yen-hoon Yen-gek Yen-choo Yen-eng Yen-hong Yen-im Yoke-lian Yoke-hoon Yoke-neo Yoke-gek Yoke-choo Yoke-eng Yoke-mui Yoke-im
			Zhi-hui Zi-yin

		}
		feminist = yes
		allow_looting = yes
		seafarer = yes
		
		dynasty_title_names = no
		
		modifier = default_culture_modifier
	}
	singapura = { #Singaporean culture, is Chinese in principle but not really (they speak Anglo)
		graphical_cultures = { sinosoutheastasiangfx indonesiangfx indiangfx muslimgfx }
		secondary_event_pictures = bedouin_arabic
		
		dynasty_name_first = yes
		
		color = { 230 140 70 }
		
		male_names = {
			Abdul_Abdul Adam_Adam Ahmad_Ahmad Anthony_Anthony Aziz_Aziz Aik-Aik Adrian_Adrian
			Balaji Beng-beng Boon-keng Brian_Brian
			Calvin_Calvin Cedric_Cedric Charles_Charles Chee-kiang Cheng-liang Che-tsai Chia-ching Chi-chun Chi-hsiang Chih-ying Chin Chin-chye Ching-jung Chok-tong Cho-liang Cho-yaw Choon-seng Choor Chou Chu Chuan-huing Chun-lin Chwee-Chwee
			Danial_Daniel Daryl_Daryl Davinder Daud_David Devan
			Eak-chong Emmanuel_Emmanuel Eng-huat Eu-chin Eugene_Eugene
			Faisal_Faysal
			Gerard_Gerard Gopal
			Harun_Aaron Henry_Henry Hock-Hock Hong Hong-png Houei-kuen Hsiao-hsien Hsien-chi Hsien-loong Hung-hsiang Hunmah Hussin_Hussayn
			Ibrahim_Abraham Idris_Idris Inderjit In-ting Isa_Jesus Ishak_Isaac Iskandar_Alexander Ismail_Ishmael
			John_John Joshua_Joshua Justin_Justin
			Kah-kee Kai Kanagaratnam Kang Kartar Karthik Kee-Kee Keng-swee Keng-yam Kevin_Kevin Kim-ching Kim-Huat Kim-seng Kim-wee Kishore Kok-Kiang Kong-chian Kuan-lin Kuan-yew Kun-fang Kuo-huang
			Lark-sye Lei Leng-beng Lian-Seng Lionel Lukas_Luke
			Marcus_Marcus Martin_Martin Mei-shu Michael_Michael Ming Ming-liang Min-you Muhammad_Muhammad Musa_Moses Mustapha_Mustafa
			Narayana Navroji Naveen Nee-soon Nicholas_Nicholas Noel_Noel
			Othman_Uthman
			Pan Paul_Paul Po-cheng Pritam
			Rajabali Raphael_Raphael Raymond_Raymond Reuben_Reuben Robert_Robert
			Samson_Samson Sanjay See-tong Sellapan Seng-Huat Sharif_Sharif Shih-chiao Shin-che Shu-hao Shui-long Shunmugam Siew-Siong Sinnathamby Sivakant Song Sow-hsin Stephen_Stephen Subhas Sulaiman_Solomon
			Tai Taib_Tayyib Teck-Huat Teck-puat Te-sheng Teng-cheong Teng-pho Terrence_Terrence Tharman Thia-khiang Thiam-Thiam Thomas_Thomas Tiong-Tiong Tock-seng Tuck-Yew Tshiong-tso Tze-fan
			Uen
			Victor_Victor Vijaya Vincent_Vincent
			Wei-jie Wei-Kiang Wei-liang Wen-bin Wen-kai Wesley_Wesley William_William Wong Wong-hoo
			Yang Yam-Keng Yao-ting Yew-hock You-peng You-sheng Yu-chien Yu-ching Yuk-hei Yunus_Jonah Yusof_Joseph
			Zakaria_Zachary Zack_Zachary
		}

		female_names = {
			Ai-ling Ai-ting Aisha_Aisha Alexandra_Alexandra Aminah_Amina Angela_Angela Anjali_Anjali Azizah_Aziza 
			Badariah Bee-Lian Bee-Hwa Bethany_Bethany Bianca_Blanche Brenda_Brenda
			Caroline_Caroline Chiao-en Chi-chen Chi-ling Ching-hsia Ching-hui Ching-yi Ching-yun Chiu-luan Choo-Lan Chwee-Lian Chun Chun-chen Cindy_Cynthia
			Danielle_Danielle Denise_Denise Divya_Divya
			Elizabeth_Elizabeth Emma_Emma Emily_Emily Eng-Lian Eng-Hua
			Fan Fang Fatimah_Fatima Fen Felicia_Felicia Faridah_Farida
			Geok-Hoon Geok-Lian Geok-Tin Grace_Grace Gwee-Choo Gwen
			Habibah_Habiba Hadijah_Khadija Haslinda Helena_Helen Hidayah_Hidaya Hsi-lei Hsin Hua Huan Hui Hui-hsin Huda_Huda
			I-ling Imani_Imani Indrani_Indrani Irene_Irene Ishwarya_Ishwarya
			Jane_Jane Jennifer_Jennifer Jessica_Jessica Jia-min Jia-xin Jing-wen Joanna_Joanna Joy_Joy Julia_Julia
			Kamala_Kamala Karen_Catherine Kimberly_Kimberly Kun Kavitha
			Lakshmi_Lakshmi Lan Lay-Hoon Lay-Khim Lay-Peng Li-chun Lim Ling Lucy_Lucia
			Malika_Malika Manju Maryam_Mary Michelle_Michelle Monica_Monica Meena Mui-Ling Mui-Hua
			Nadia Nalini Natalie_Natalie Norleena Nuraliza Nurul Nurhidayah
			Olivia_Olivia Ong Ooi-Khim
			Parvati Patricia_Patricia Pei-fen Pei-ling Poh-Choo Priya
			Rachel_Rachel Rafiqah Rani_Rani Rebecca_Rebecca Rosalind_Rosalind Rose_Rose
			Salma_Salma Sangeetha_Sangeetha Sara_Sarah Selvi Siew-Lian Siew-Bee Siew-Choo Shanti_Shanti Sharon_Sharon Shih-hsin Shirley Simin Sim-Yin Su Su-wei Siti Stephanie_Stephanie Susan_Susan
			Tan_Tan Teresa_Theresa Thana_Thana Trisha_Trisha Trina_Trina Tzu-yu
			Uma
			Vanessa_Vanessa Vani Veronica_Veronica Victoria_Victoria
			Wan-Ting Wei-Ling Wei-Yin Wendy_Wendy Wati
			Ya Ya-chih Yan Yi Yi-chen Ying Ying-git Yu Yun Yun-yun
			Zoey_Zoe
		}
		
		feminist = yes
		
		allow_looting = yes
		seafarer = yes
			
		modifier = default_culture_modifier
	}
	chinoy = { #Sino-Filipinos from the Philippines
		graphical_cultures = { sinosoutheastasiangfx filipinogfx indiangfx muslimgfx }
		unit_graphical_cultures = { southerngfx trueoccitangfx occitangfx }
		secondary_event_pictures = bedouin_arabic
		
		dynasty_name_first = yes
		
		color = { 220 160 70 }
		male_names = {
			Aaron_Aaron Atoy Alberto_Albert Alejandro_Alexander Alfonso_Alphonse Anaclito_Anacletus Andres_Andrew Anecito_Anicetus Angelo_Angelo Antonio_Anthony Aquino Armando_Herman
			Bam Benito_Benedict Bruno_Bruno Bo 
			Carlos_Charles Carmelito_Carmelo Cepriano_Cyprian Cesar_Caesar Chao Chu Clodualdo Condrado Cresenciano_Crescentian Crisologo_Chrysologus Crispulo_Crispulus 
			Daniel_Daniel David_David Diego_Diaco Dominador_Dominador Domingo_Dominic 
			Eduardo_Edward Efren_Ephraim Emilio_Emil Engracio Enrique_Henry Esperidion_Spyridon Esteban_Stephen Ethan_Ethan Ezekiel_Ezekiel 
			Felixberto Felipe_Phillip Felizardo Fernando_Ferdinand Florendo
			Gabriel_Gabriel Galicano Geraldo_Gerald Gerardo_Gerard Goway 
			Hector_Hector Honesto_Honestus Hong Hugo_Hugh 
			Igmedio Ignacio_Ignatius
			Jacob_Jacob Jaime_James Javier_Xavier Jorge_George Jose_Joseph Jovito Juan_John Juliano_Julian Julio_Julius Jhun-Jhun Jhunjy
			Kevin_Kevin Kyle
			Leonardo_Leonard Leonido_Leonidas Leonilo Leonito_Leo Lorenzo_Lawrence Luis_Louis Lutgardo 
			Manuel_Emmanuel Marcelito_Marcellus Mario_Marius Marcos_Mark Marianito_Marianus Mauricio_Maurice Melencio Miguel_Michael 
			Nathaniel_Nathan Nicolas_Nicholas Norberto_Norbert 
			Oliver_Oliver Orlando_Roland Oscar_Oscar 
			Pacito Patricio_Patrick Patrocenio Pedro_Peter Porferio_Porphyrius Proceso_Processus Protacio_Protasius
			Rafael_Raphael Raimundo_Raymond Ramon_Raymond Regalado Renante Reynaldo_Reynold Rodante Rodelio Ricardo_Richard Roberto_Robert Rodrigo_Roderick Rosalito 
			Salvador_Salvador Samuel_Samuel Segundino_Secundinus Sergio_Sergius Simon_Simon Sudi Song 
			Teodolfo Teofisto_Theopistus Teotimo_Theotimus Tomas_Thomas 
			Vergel Vicente_Vincent Victor_Victor						
			
		}
		female_names = {
			Aileen Aida_Ayda Alicia_Alice Almida_Alameda Amanda_Amanda Ana_Anna Anaclita_Anacleta Andrea_Andrea Anecita_Aniceta Angela_Angela Arceli_Araceli Aurora_Aurora
			Barbara_Barbara Bianca_Blanche Blesilda Buenaventurada 
			Camilla_Camilla Carmen_Carmen Carolina_Caroline Charlene Ciara_Clara Claudia_Claudia Consejo Consolacion_Consolation Consorcia_Consortia Coronacion_Coronation Cresenciana Cristina_Christina
			Dalmacia Daniela_Daniela Diana_Diana Dionicia Diosdada
			Efrena Elaine Emelda_Irmhild Encarnacion_Incarnation Escolastica_Scholastica Esterlita_Esther Evelinda
			Florenda Flora_Flora Francesca_Frances 
			Gabriela_Gabriela Gaudiosa Gleceria_Glyceria Godofreda
			Heraclea Hermelina_Ermelind Hermogena
			Kristel
			Isabella_Elizabeth
			Janice Joy Julia_Julia Juliana_Juliana Justina_Justina
			Laura_Laura Lea_Leah Leonisa Leonor_Eleanor Lianne Lucena Lutgarda_Luitgard
			Mansueta Margareta_Margaret Maria_Mary Marina_Marina Martina_Martina Melencia Melissa_Melissa Mercedes_Mercedes Miraflor Mirasol Miranda Mei
			Necita Nicole_Nicole Nikki_Nicole
			Olivia_Olivia
			Patricia_Patricia Patrocenia Paula_Paula Porferia Purificacion_Purification Purisima
			Ramona_Ramona Regina_Regina Renata_Renata Renilda_Reinhild Rita_Maragret
			Sabrina Salvacion_Salvation Sarah_Sarah Segundina Sofia_Sophia 
			Tarcela Trecita_Theresa 
			Valerie_Valeria Vera_Vera Victoria_Victoria Vivencia
			Zihan
		}
		feminist = yes
		allow_looting = yes
		seafarer = yes
		
		dynasty_title_names = no
		
		modifier = default_culture_modifier
	}
	chindo = { #Sino-Indonesians from Indonesia
		graphical_cultures = { sinosoutheastasiangfx indonesiangfx malaygfx indiangfx muslimgfx }
		unit_graphical_cultures = {  southerngfx trueoccitangfx occitangfx }
		secondary_event_pictures = bedouin_arabic
		
		dynasty_name_first = yes
		
		color = { 190 100 40 }
		male_names = {
			Abas_Abbas Abdul-Aziz_Abdulaziz Abdul-Djafar_Abduljafar Abdul-Hamid_Abdulhamid Abdul-Jalil_Abduljalil Abdul-Majid_Abdulmajid Abdul-Rahman_Abdalrahman Abdullah_Abdullah Abubakar_Abubakr Ahmad_Ahmad Adam_Adam Adnan_Adnan Akmal_Akmal Alam_Alam Alauddin_Alaeddin Alexander_Alexander Ali_Ali Amar_Amar Amrullah_Amrullah Andak Antah Aqil_Aqil Akre Askhala Awi Arifin_Arifin Ashraf_Ashraf Ataullah_Ataullah Azlan_Aslan Adhiarja Angga Abyasa An  
			Badri_Badri Badrul Basyir_Bashir Borhan_Burhan Brasen Burhanuddin_Burhanuddin Budiono Budiman Batman Baskoro Bingwen Bintang Bo Bohai 
			Chang Chao Cheehiung Chen Cheng Chi-hsiang Chonglin Chu Chou Chuanli Chunlin Cordosega Cakri Cahya Ceceng C
			Dahlan Darwish_Dervish Daud_David Demang Dewa Dong Duyi D  
			Edward_Edward Elyas_Elijah Emran_Imran Enghuat Enchok Euchin Erwin_Erwin E  
			Fadlan_Fadlan Fadzil_Fadl Faisal_Faysal Fransiskus_Francis Fei Feng Fushing Fui F  
			Gautama George_George Gerard_Gerard Ghiatuddin_Ghiyasuddin Giovanni_John Glenn Guangli Guowei Guozhi Ganesha G  
			Hafidz_Hafiz Hakiem_Hakim Halim_Halim Hamzah_Hamza Haron_Aaron Harris_Harith Hashim_Hashim Hassan_Hasan Haziq_Haziq Hussain_Hussayn Heng Honsan Hong H  
			Ibrahim_Abraham Idrus_Idris Ikhsan_Ihsan Ishak_Isaac Iskandar_Alexander Ismail_Ishmael Izzuddin In-ting I  
			Jajang Jamaluddin Jamil_Jamil Jasin_Yasin Jati Jonathan_Jonathan Julius_Julius Justin_Justin Joko Joyo Jiwa Jian Jiang Jing Jingyi J  
			Kadir_Qadir Kamaluddin Kamaruzaman Karim_Karim Kasim_Qasim Kevin_Kevin Khalil_Khalil Kumandang Kusno Kusuma Kuwat Kunfang Kuohuang K  
			Lambertus_Lambert Lukas_Luke Lani Liang Limyew Lin Liu Liwei Longwei L  
			Mahmud_Mahmud Mansur_Mansur Martinus_Martin Mikael_Michael Mohamad_Muhammad Muhriz Muhyiddin Mukarram Munawir Musa_Moses Muzaffar_Muzaffar Muzzil Maolin M  
			Najwan Naufal_Nawfal Nazrin Nicholas_Nicholas Noh_Noah Ngok N  
			Oliver_Oliver Osman_Uthman Ong O  
			Pendekar Petrus_Peter Putra Ping-luen Qiang Qiwei Q  
			Raden Rafi_Rafi Rashid_Rashid Ramdzan_Ramadan Rayyan_Rayyan Reuben_Reuben Riayatuddin Richard_Richard Ridhuan_Ridwan Rio Robert_Robert Roland_Roland Rubal Rowo Ren-hao R  
			Said_Said Safruddin Sahril Sahruddin Salahuddin_Saladin Sami_Sami Samee_Sami Salleh_Salih Samsuddin Samsul_Shamsul Smith Sulaiman_Solomon Syarif_Sharif Sarip_Sharif Sukarno_Sukarno Suharto_Suharto Suparman_Suparman Sugijo_Sugijo Suprano_Suprano Sakti_Sakti Suhara_Suhara Siew-tshin Shoushan Shen Shuilong S  
			Taib_Tayyib Tajuddin Tahir_Tahir Taufik_Tawfiq Tuah Tathoi Tengfei T  
			Umar_Umar Uen Ujang U  
			Victor_Victor Vincent_Vincent Vikal V  
			William_William Wishnu_Vishnu Waris Wira Wiraman Wong Wei Weimin Wen Wernfook W  
			Yahya_John Yesus_Jesus Yunus_Jonah Yusniarsyah Yusransyah Yusuf_Joseph Yuda Yaoting Yuchien Yutung Yusheng Y  
			Zainal-Abidin Zainal-Arifin Zarif Zikri Ziyad Zhaohui Zhi Zhihao Z
		}
		female_names = {
			Aayizah Afzan Aisyah_Aisha Alya Amara Aminah_Amina Arianna Arissa Asma Atbah Auliya Aura Azizah_Aziza A
			Badariah Bahiyah Bariah Budriah Bao B
			Changying Chi-ling Ching-yi Ching-yun Choi-yun Chunhua Cinta Cuifen C
			Daiyu Dandan Dhia Dongmei D
			Fatimah_Fatima Fauziah Fazira Fenfang F
			Hairiah Hannah_Hannah Hasmah Hoiyim Hui Huiqing Humaira H
			Ilisha Ilma Iman Indaryani Intan Isabel_Elizabeth I 
			Jiao Jiaying Jihan Jinghua Johana_Jane Josephine_Josephine J
			Keisha Khadija Kiaupoh Kun Kylie K
			Lan Lanfen Lanying Leah_Leah Lichun Lihua Liling Lusyanah L
			Maimunah Maliha Marina_Marina Marissa Maryam_Mary Maya Meilin Mingxia Muazah Meimei M
			Nadhirah Najihah Najwan Ning Noor Norashikin Nuha Nurhidayah Nurr Nurul N
			Oiming Orked O
			Pokuan Putri_Putri P
			Qiao Qing Qiuyue Q
			Rafidah Raisya Rensina Rohana Rong Ros Rosdiah Rozita R
			Safya Sakinah Saloma Sara_Sarah Saripah_Syarifa Siti Sofiah Su Suyin S
			Talenta Tiara Tzuyu T
			Vanessa_Vanessa Vunna V
			Wai-man Wei-ling Wenling Wenqian W
			Xiaodan Xiaohui Xiaoling Xiulan Xiuying Xue X
			Ya-chih Yahui Yanmei Yanti Yichen Yinlok Ying Yu Yuetngor Yufida Yun Y
			Zahirah Zahra Zainab_Zaynab Zalila Zara Zarith Zatashah Zerafina Zhen Zubaidah Z
		}
		feminist = yes
		allow_looting = yes
		seafarer = yes
		
		
		
		
		dynasty_title_names = no
		
		from_dynasty_prefix = "dari "

		male_patronym = "putra"
		female_patronym = "putri"
		
		modifier = default_culture_modifier
	}
	baba_nyonya = { #Earliest Sino-Austronesians
		graphical_cultures = { sinosoutheastasiangfx indonesiangfx malaygfx indiangfx muslimgfx }
		unit_graphical_cultures = {  southerngfx trueoccitangfx occitangfx }
		secondary_event_pictures = bedouin_arabic
		
		dynasty_name_first = yes
		
		color = { 180 128 112 }
		male_names = {
			Adam_Adam Abdurrahman_Abdalrahman Ah-Beng Ah-Boon Ah-Chai Ah-Chan Ah-Chong Ah-Chu Ah-Fatt Ah-Heng Ah-Hock Ah-Kim Ah-Kun Ah-Leong Ah-Lim Ah-Ling Ah-Loh Ah-Pek Ah-Seng Ah-Soon Ah-Teck Ah-Tiam Ah-Tiong Ah-Wah Ang-Beng Ang-Chee Ang-Chuan Ang-Heng Ang-Kiat Ang-Kok Ang-Leong Ang-Lim Ang-Teik Ang-Wah Andrew_Andrew Albert_Albert Ali Ahmad_Ahmad 
			Baba Baba-seng Baba-chuan Baba-leong Baba-tiong Baba-hock Baba-hin Baba-eng Baba-huat Baba-kok Baba-kian Ben_Benjamin Beng-beng Boon-cheng Boon-guan Boon-hock Boon-keng Boon-kiat Boon-lee Boon-leong Boon-seng Boon-tat
			Chay-yan Cheang-lim Chee-beng Chee-chong Chee-lee Chee-liat Chee-ming Chee-siong Chia-boon Chia-chye Chia-kim Chia-leong Chia-seng Chia-teck Che-tsai Chor-ee Chong-boon Chong-chuan Chong-fatt Chong-kong Chong-leong Chong-seng Chong-teik Christopher_Christopher
			Damian_Damian Daud_David Desmond Diego_Diaco Du-yi
			Edward_Edward Elyas_Elijah Eng-chuan Eng-hua Eng-huat Eng-kong Eng-lee Eng-siong Eng-tat 
			Francis_Francis Fang Fook-chuan Fook-heng Fook-kiang Fook-leong Fook-seng Fook-teck Fook-yu
			Gabriel_Gabriel Gan-ja Gan-eng Gan-yu Goh-beng Goh-cheng Goh-hock Guo-wei Guo-zhi
			Heng-beng Heng-chye Heng-huat Heng-kee Heng-kiat Heng-leong Heng-seng Hock-boon Hock-chye Hock-heng Hock-kim Hock-leong Hock-seng Hock-teik
			Ibrahim_Abraham Idrus_Idris Iskandar_Alexander Ismail_Ishmael In-syed In-ting
			Kai-meng Kwik-tek Kwee-hong Kim-boon Kim-cheng Kim-hock Kim-kiat Kim-lee Kim-siong Kim-tat
			Lewis_Louis Lim-boon Lim-chee Lim-hock Lim-kiang Lim-kok Lim-leong Lim-tat Lim-teik
			Muhammad_Muhammad Ming-chong Ming-fatt Ming-kok Ming-lee Ming-seng Ming-teck Ming-yu
			Syed_Sayyid Seng-boon Seng-chee Seng-fatt Seng-kim Seng-kong Seng-leong Seng-tat Sin-kie Sin-leong
			Tan-beng Tan-ching Tan-chye Tan-guan Tan-kiang Tan-kok Tan-lee Tan-seng Tan-tock Tiong-beng Tiong-chye Tiong-huat Tiong-kee Tiong-kok Tiong-hoa Tiong-sek Tony_Anthony
			Wahid Wah-boon Wah-chye Wah-fatt Wah-kiang Wah-kok Wah-lee Wah-tat Walter Wee-kim Wee-wee Wong Woon 
			You-peng You-sheng Yu Yu-chien Yu-ching Yu-zhong
			Zikri
		}
		female_names = {
			Azizan_Aziza Anna_Anna Annie Agnes Ah-lian Ah-neo Ah-choo Ah-gek Ah-eng Ah-hoon Ah-yan Ah-mui Ah-yen Ah-cheng Ai-lian Ai-neo Ai-choo Ai-gek Ai-eng Ai-hoon Ai-mui Ai-im Ai-yen Ai-hong Ai-bee Ai-siew Ai-yoke Ai-kim Ai-lim
			Bee-lian Bee-hoon Bee-gek Bee-im Bee-neo Bee-mui Bee-hong Bee-choo Bee-eng Bee-yoke Bianca_Blanche
			Chia-nee Chia-lian Chia-mui Chia-choo Chia-eng Chia-im Chia-hoon Chia-yan Chia-sim Choo-mui Choo-lian Choo-choo Choo-im Choo-yen Choo-kim Choo-hoon Choo-nee Catherine_Catherine
			Eng-lian Eng-nee Eng-choo Eng-yoke Eng-im Eng-hoon Eng-mui Eng-yan Elizabeth_Elizabeth
			Fatimah
			Gek-lian Gek-hoon Gek-eng Gek-im Gek-choo Gek-mui Gek-yoke Gek-nee
			Hooi-mui Hooi-nee Hooi-choo Hooi-eng Hooi-lian Hooi-kim Hooi-sim Hooi-yen
			Im-lian Im-hoon Im-choo Im-yoke Im-mui Im-kim Im-yan Im-nee Intan
			Kim-neo Kim-lian Kim-choo Kim-hoon Kim-eng Kim-im Kim-mui Kim-yen
			Lian-mui Lian-hoon Lian-choo Lian-im Lian-nee Lian-kim Lian-yan Lian-eng Lily_Lily
			Mariam_Mary Melur Mui-lian Mui-hoon Mui-nee Mui-choo Mui-eng Mui-gek Mui-im Mui-yoke
			Neo-lian Neo-hoon Neo-choo Neo-gek Neo-eng Neo-mui Neo-im Neo-nee
			Nona-mui Nona-kim Nona-hoon Nona-choo Nona-eng Nona-nee Nona-yen Nona-im Noni
			Rohana
			Sayang-mui Sayang-hoon Sayang-choo Sayang-nee Sayang-eng Sayang-kim Sayang-im
			Siew-lian Siew-hoon Siew-nee Siew-choo Siew-mui Siew-eng Siew-im Siew-kim
			Tan-kim Tan-nee Tan-choo Tan-hoon Tan-mui Tan-eng Tan-im Tan-yoke
			Teo-lian Teo-nee Teo-kim Teo-choo Teo-hoon Teo-mui Teo-eng Teo-yen
			Yen-lian Yen-hoon Yen-choo Yen-nee Yen-eng Yen-kim Yen-im Yen-yoke
			Yoke-lian Yoke-hoon Yoke-nee Yoke-choo Yoke-mui Yoke-kim Yoke-eng Yoke-im
			Zara
 		}
		feminist = yes
		allow_looting = yes
		seafarer = yes
		
		
		
		
		
		dynasty_title_names = no
		
		from_dynasty_prefix = "lai "

		male_patronym = "ibni "
		female_patronym = "binti "
		prefix = yes
		modifier = default_culture_modifier
	}
}
