timoric = {
	alternate_start = {
		NOR = {
			has_alternate_start_parameter = { key = special_culture value = animal_world }
			has_alternate_start_parameter = { key = special_culture value = alien_world }
			has_alternate_start_parameter = { key = special_culture value = animal_alien_world }
		}
	}
	graphical_cultures = { bodpagfx mongolgfx indiangfx muslimgfx }
	
	atoni = {
		graphical_cultures = { filipinogfx indiangfx muslimgfx }
		unit_graphical_cultures = { southerngfx trueoccitangfx occitangfx }
		secondary_event_pictures = bedouin_arabic
		
		color = { 38 135 255 }
	
		male_names = {
			Abdul_Abdul Adika Adrian_Adrian Agung Ahmad_Ahmad Ajun Amadeus_Amadeus Anang Andreas_Andrew Anton_Anthony Ardit Arnold_Arnold Aspar
			Bakti Balik Bambang Basuki Batara Berkah Bernard_Bernard Brian_Brian Budiman Bulan 
			Christian_Christian Christopher_Christopher Cokorda Cornelius_Cornelius
			Dachlan Daniel_Daniel Darma Daud_David Dewa Dominicus_Dominic Drajat Dumadi 
			Elang Elias_Elijah Empati Erik_Erik Eusabius 
			Felix_Felix Frans_Francis Frederik_Frederick
			Gautama Gede George_George Gerard_Gerard Gesang Gregorius_Gregorius Gunadi Gusti
			Harun_Aaron Hayam Hendrik_Henry
			Intan Irwan Iskandar_Alexander Ismail_Ishmael Izaak_Isaac
			Jakob_Jacob Jaweng Jefferson_Geoffrey Jero Joel_Joel John_John Jonas_Jonah Josephus_Joseph Joyo Julian_Julian Julius_Julius 
			Kabul Kadek Kelambu Kersen Ketut Komang Kulon 
			Lambertus_Lambert Lazarus_Lazarus Leonard_Leonard Louis_Louis
			Made Manit Mark_Mark Martin_Martin Matthias_Matthew Michael_Michael Minggit Muhammad_Muhammad 
			Nengah Ngakan Ngurah Nikodemus_Nicodemus Noah_Noah Nyoman 
			Oscar_Oscar
			Pande Panuta Paulus_Paul Perdana Philip_Phillip Pieter_Peter Pramana Pratam Putu
			Raden Raime Ramelan Rasjam Rejap Renandi Richard_Richard Rimbo Robert_Robert Roland_Roland Rusmadi Ryan_Ryan 
			Samuel_Samuel Sander_Alexander Sang Santoso Satrio Sedomon Setiawan Smith Solomon_Solomon Stefan_Stephen Sugeng Susilo Syazwan 
			Tatang Theodore_Theodore Thomas_Thomas Timothy_Timothy Tjokorda 
			Ungkok Untang
			Victor_Victor Vikal Vincent_Vincent
			Wayan William_William
			Xaverius_Xavier
			Yesus_Jesus
			Zakaria_Zachary
		}
		female_names = {
			Achintya Adiratna Alexia_Alexia Alya Andrea_Andrea Angela_Angela Angkasa Anindya Anna_Anna Ayu
			Budiwati Bulan Bunga 
			Chelsea_Chelsea Cinta Cut
			Desak Devi Diah Diana_Diana 
			Elok Endah 
			Fatima_Fatima
			Gemi Gresya Guritno
			Indah Ines_Agnes Inten 
			Jayachandra
			Kemuning Kinaryo
			Laura_Laura Legi Lestari Luh Luna
			Marshanda Maryam_Mary Mega Melati Mentari Merpati Mlathi Murni Mustika
			Ndari Ningrat Ningrum Ningsih 
			Oza 
			Paola_Paula Parwati Permata Pertiwi Prisia Puspita Putri
			Rara Ratih Ratu Reisa Roro-Kidul
			Sarwendah Setiawati Siti Susanty Susil
			Taman Tika Toto 
			Utama 
			Vindy 
			Wangi Wening Wilda Wulan 
			Yuki
		}
		
		from_dynasty_prefix = "dari "
		allow_looting = yes
		seafarer = yes
			
		modifier = default_culture_modifier
	}
	tetum = {
		graphical_cultures = { filipinogfx indiangfx muslimgfx }
		unit_graphical_cultures = { southerngfx trueoccitangfx occitangfx }
		secondary_event_pictures = bedouin_arabic
		
		color = { 38 255 236 }
	
		male_names = {
			Adriano_Adrian Afonso_Alphonse Alberto_Albert Alexandre_Alexander Álvaro_Alvar André_Andrew Ângelo_Angel António_Anthony Arnaldo_Arnold Artur_Arthur
			Bartolomeu_Bartholomew Benjamim_Benjamin Bernardo_Bernard Bruno_Bruno
			Carlos_Charles César_Caesar Cláudio_Claudius Cristiano_Christian
			Damião_Damian David_David Diogo_Diaco Dinis_Dionysus Duarte_Edward 
			Edgar_Edgar Egas Emanuel_Emmanuel Emílio_Emil Estevão_Stephen 
			Fábio_Fabius Fernando_Ferdinand Filipe_Phillip Flávio_Flavius Francisco_Francis Frederico_Frederick 
			Gabriel_Gabriel Gaspar_Caspar Gil_Egidius Guilherme_William Gustavo_Gustav 
			Henrique_Henry Hugo_Hugh
			Inácio_Ignatius Ivo_Yves
			Jaime_James João_John Joaquim_Joachim Joel_Joel José_Joseph Juliano_Julian
			Leandro_Leander Lourenço_Lawrence Lucas_Luke Luís_Louis 
			Manuel_Emmanuel Marco_Mark Mário_Marius Martim_Martin Mateus_Matthew Miguel_Michael
			Nicolau_Nicholas Norberto_Norbert
			Octávio_Octavius Óscar_Oscar
			Paulo_Paul Pedro_Peter
			Rafael_Raphael Raimundo_Raymond Raúl_Ralph Renato_Renatus Roberto_Robert Rodrigo_Roderick Rolando_Roland Rui_Roderick 
			Salvador_Salvador Santiago_Diaco Sebastião_Sebastian Sérgio_Sergius Simão_Simon 
			Teodoro_Theodore Teodósio_Theodosius Timoteo_Timothy Tomás_Thomas
			Ulisses_Odysseus
			Vicente_Vincent Vítor_Victor
			Xavier_Xavier
			Zacarias_Zachary
		}
		female_names = {
			Adriana_Adriana Aldara_Alduara Alexandra_Alexandra Alícia_Alice Ana_Anna Andreia_Andrea Ângela_Angela Anita_Anna Ariana_Ariadne 
			Bárbara_Barbara Beatriz_Beatrix Bianca_Blanche 
			Camila_Camilla Carlota_Charlotte Carolina_Caroline Catarina_Catherine Cláudia_Claudia Cloé_Chloe Constança_Constance 
			Diana_Diana Doroteia_Dorothy 
			Edite_Edith Elvira_Elvira Ema_Emma Érica_Erika Ester_Esther Estevainha_Stephanie Eva_Eve 
			Fátima_Fatima Flora_Flora Francisca_Frances
			Gabriela_Gabriela 
			Helena_Helen
			Inês_Agnes Íris_Iris Isabel_Elizabeth 
			Jéssica_Jessica Joana_Jane Judite_Judith Júlia_Julia Juliana_Juliana 
			Laura_Laura Leonor_Eleanor Luísa_Louise 
			Madalena_Madeline Mafalda Margarida_Margaret Maria_Mary Marinha_Marina Marta_Martha Matilde_Matilda Melissa_Melissa Mónica_Monica 
			Nicole_Nicole Núria
			Ouroana 
			Patrícia_Patricia
			Rafaela Rebeca_Rebecca
			Sara_Sarah Sofia_Sophia 
			Tatiana_Tatiana Teodora_Theodora Teresa_Theresa 
			Vera_Vera Vanessa_Vanessa Verônica_Veronica Vitória_Victoria
			Yasmin_Jasmine
		}
		
		from_dynasty_prefix = "de "
		allow_looting = yes
		seafarer = yes
		
		male_patronym = "es"
		female_patronym = "es"
		grammar_transform = spanish
				
		pat_grf_name_chance = 40
		mat_grf_name_chance = 25
		father_name_chance = 25
		
		pat_grm_name_chance = 30
		mat_grm_name_chance = 15
		mother_name_chance = 45
			
		modifier = default_culture_modifier
	}
	mambai = {
		graphical_cultures = { filipinogfx indiangfx muslimgfx }
		unit_graphical_cultures = { southerngfx trueoccitangfx occitangfx }
		secondary_event_pictures = bedouin_arabic
		
		color = { 56 255 38 }
	
		male_names = {
			Adriano_Adrian Afonso_Alphonse Alberto_Albert Alexandre_Alexander Álvaro_Alvar André_Andrew Ângelo_Angel António_Anthony Arnaldo_Arnold Artur_Arthur
			Bartolomeu_Bartholomew Benjamim_Benjamin Bernardo_Bernard Bruno_Bruno
			Carlos_Charles César_Caesar Cláudio_Claudius Cristiano_Christian
			Damião_Damian David_David Diogo_Diaco Dinis_Dionysus Duarte_Edward 
			Edgar_Edgar Egas Emanuel_Emmanuel Emílio_Emil Estevão_Stephen 
			Fábio_Fabius Fernando_Ferdinand Filipe_Phillip Flávio_Flavius Francisco_Francis Frederico_Frederick 
			Gabriel_Gabriel Gaspar_Caspar Gil_Egidius Guilherme_William Gustavo_Gustav 
			Henrique_Henry Hugo_Hugh
			Inácio_Ignatius Ivo_Yves
			Jaime_James João_John Joaquim_Joachim Joel_Joel José_Joseph Juliano_Julian
			Leandro_Leander Lourenço_Lawrence Lucas_Luke Luís_Louis 
			Manuel_Emmanuel Marco_Mark Mário_Marius Martim_Martin Mateus_Matthew Miguel_Michael
			Nicolau_Nicholas Norberto_Norbert
			Octávio_Octavius Óscar_Oscar
			Paulo_Paul Pedro_Peter
			Rafael_Raphael Raimundo_Raymond Raúl_Ralph Renato_Renatus Roberto_Robert Rodrigo_Roderick Rolando_Roland Rui_Roderick 
			Salvador_Salvador Santiago_Diaco Sebastião_Sebastian Sérgio_Sergius Simão_Simon 
			Teodoro_Theodore Teodósio_Theodosius Timoteo_Timothy Tomás_Thomas
			Ulisses_Odysseus
			Vicente_Vincent Vítor_Victor
			Xavier_Xavier
			Zacarias_Zachary
		}
		female_names = {
			Adriana_Adriana Aldara_Alduara Alexandra_Alexandra Alícia_Alice Ana_Anna Andreia_Andrea Ângela_Angela Anita_Anna Ariana_Ariadne 
			Bárbara_Barbara Beatriz_Beatrix Bianca_Blanche 
			Camila_Camilla Carlota_Charlotte Carolina_Caroline Catarina_Catherine Cláudia_Claudia Cloé_Chloe Constança_Constance 
			Diana_Diana Doroteia_Dorothy 
			Edite_Edith Elvira_Elvira Ema_Emma Érica_Erika Ester_Esther Estevainha_Stephanie Eva_Eve 
			Fátima_Fatima Flora_Flora Francisca_Frances
			Gabriela_Gabriela 
			Helena_Helen
			Inês_Agnes Íris_Iris Isabel_Elizabeth 
			Jéssica_Jessica Joana_Jane Judite_Judith Júlia_Julia Juliana_Juliana 
			Laura_Laura Leonor_Eleanor Luísa_Louise 
			Madalena_Madeline Mafalda Margarida_Margaret Maria_Mary Marinha_Marina Marta_Martha Matilde_Matilda Melissa_Melissa Mónica_Monica 
			Nicole_Nicole Núria
			Ouroana 
			Patrícia_Patricia
			Rafaela Rebeca_Rebecca
			Sara_Sarah Sofia_Sophia 
			Tatiana_Tatiana Teodora_Theodora Teresa_Theresa 
			Vera_Vera Vanessa_Vanessa Verônica_Veronica Vitória_Victoria
			Yasmin_Jasmine
		}
		
		from_dynasty_prefix = "de "
		allow_looting = yes
		seafarer = yes
		
		male_patronym = "es"
		female_patronym = "es"
		grammar_transform = spanish
				
		pat_grf_name_chance = 40
		mat_grf_name_chance = 25
		father_name_chance = 25
		
		pat_grm_name_chance = 30
		mat_grm_name_chance = 15
		mother_name_chance = 45
			
		modifier = default_culture_modifier
	}
	kawaimina = {
		graphical_cultures = { filipinogfx indiangfx muslimgfx }
		unit_graphical_cultures = { southerngfx trueoccitangfx occitangfx }
		secondary_event_pictures = bedouin_arabic
		
		color = { 204 255 0 }
	
		male_names = {
			Adriano_Adrian Afonso_Alphonse Alberto_Albert Alexandre_Alexander Álvaro_Alvar André_Andrew Ângelo_Angel António_Anthony Arnaldo_Arnold Artur_Arthur
			Bartolomeu_Bartholomew Benjamim_Benjamin Bernardo_Bernard Bruno_Bruno
			Carlos_Charles César_Caesar Cláudio_Claudius Cristiano_Christian
			Damião_Damian David_David Diogo_Diaco Dinis_Dionysus Duarte_Edward 
			Edgar_Edgar Egas Emanuel_Emmanuel Emílio_Emil Estevão_Stephen 
			Fábio_Fabius Fernando_Ferdinand Filipe_Phillip Flávio_Flavius Francisco_Francis Frederico_Frederick 
			Gabriel_Gabriel Gaspar_Caspar Gil_Egidius Guilherme_William Gustavo_Gustav 
			Henrique_Henry Hugo_Hugh
			Inácio_Ignatius Ivo_Yves
			Jaime_James João_John Joaquim_Joachim Joel_Joel José_Joseph Juliano_Julian
			Leandro_Leander Lourenço_Lawrence Lucas_Luke Luís_Louis 
			Manuel_Emmanuel Marco_Mark Mário_Marius Martim_Martin Mateus_Matthew Miguel_Michael
			Nicolau_Nicholas Norberto_Norbert
			Octávio_Octavius Óscar_Oscar
			Paulo_Paul Pedro_Peter
			Rafael_Raphael Raimundo_Raymond Raúl_Ralph Renato_Renatus Roberto_Robert Rodrigo_Roderick Rolando_Roland Rui_Roderick 
			Salvador_Salvador Santiago_Diaco Sebastião_Sebastian Sérgio_Sergius Simão_Simon 
			Teodoro_Theodore Teodósio_Theodosius Timoteo_Timothy Tomás_Thomas
			Ulisses_Odysseus
			Vicente_Vincent Vítor_Victor
			Xavier_Xavier
			Zacarias_Zachary
		}
		female_names = {
			Adriana_Adriana Aldara_Alduara Alexandra_Alexandra Alícia_Alice Ana_Anna Andreia_Andrea Ângela_Angela Anita_Anna Ariana_Ariadne 
			Bárbara_Barbara Beatriz_Beatrix Bianca_Blanche 
			Camila_Camilla Carlota_Charlotte Carolina_Caroline Catarina_Catherine Cláudia_Claudia Cloé_Chloe Constança_Constance 
			Diana_Diana Doroteia_Dorothy 
			Edite_Edith Elvira_Elvira Ema_Emma Érica_Erika Ester_Esther Estevainha_Stephanie Eva_Eve 
			Fátima_Fatima Flora_Flora Francisca_Frances
			Gabriela_Gabriela 
			Helena_Helen
			Inês_Agnes Íris_Iris Isabel_Elizabeth 
			Jéssica_Jessica Joana_Jane Judite_Judith Júlia_Julia Juliana_Juliana 
			Laura_Laura Leonor_Eleanor Luísa_Louise 
			Madalena_Madeline Mafalda Margarida_Margaret Maria_Mary Marinha_Marina Marta_Martha Matilde_Matilda Melissa_Melissa Mónica_Monica 
			Nicole_Nicole Núria
			Ouroana 
			Patrícia_Patricia
			Rafaela Rebeca_Rebecca
			Sara_Sarah Sofia_Sophia 
			Tatiana_Tatiana Teodora_Theodora Teresa_Theresa 
			Vera_Vera Vanessa_Vanessa Verônica_Veronica Vitória_Victoria
			Yasmin_Jasmine
		}
		
		from_dynasty_prefix = "de "
		allow_looting = yes
		seafarer = yes
		
		male_patronym = "es"
		female_patronym = "es"
		grammar_transform = spanish
				
		pat_grf_name_chance = 40
		mat_grf_name_chance = 25
		father_name_chance = 25
		
		pat_grm_name_chance = 30
		mat_grm_name_chance = 15
		mother_name_chance = 45
			
		modifier = default_culture_modifier
	}
	tutunohan = {
		graphical_cultures = { filipinogfx indiangfx muslimgfx }
		unit_graphical_cultures = { southerngfx trueoccitangfx occitangfx }
		secondary_event_pictures = bedouin_arabic
		
		color = { 139 96 255 }
	
		male_names = {
			Abdul_Abdul Adika Adrian_Adrian Agung Ahmad_Ahmad Ajun Amadeus_Amadeus Anang Andreas_Andrew Anton_Anthony Ardit Arnold_Arnold Aspar Augustinus_Augustine
			Bakti Balik Bambang Basuki Batara Berkah Bernard_Bernard Brian_Brian Budiman Bulan 
			Christian_Christian Christopher_Christopher Cokorda Cornelius_Cornelius
			Dachlan Daniel_Daniel Darma Daud_David Dewa Dominicus_Dominic Drajat Dumadi 
			Elang Elias_Elijah Empati Erik_Erik Eusabius 
			Felix_Felix Frans_Francis Frederik_Frederick
			Gautama Gede George_George Gerard_Gerard Gesang Gregorius_Gregorius Gunadi Gusti
			Harun_Aaron Hayam Hendrik_Henry
			Intan Irwan Iskandar_Alexander Ismail_Ishmael Izaak_Isaac
			Jakob_Jacob Jaweng Jefferson_Geoffrey Jero Joel_Joel John_John Jonas_Jonah Joyo Julian_Julian Julius_Julius 
			Kabul Kadek Kelambu Kersen Ketut Komang Kulon 
			Lambertus_Lambert Lazarus_Lazarus Leonard_Leonard Louis_Louis
			Made Manit Mark_Mark Martin_Martin Matthias_Matthew Michael_Michael Minggit Muhammad_Muhammad 
			Nengah Ngakan Ngurah Nikodemus_Nicodemus Noah_Noah Nyoman 
			Oscar_Oscar
			Pande Panuta Paulus_Paul Perdana Philip_Phillip Pieter_Peter Pramana Pratam Putu
			Raden Raime Ramelan Rasjam Rejap Renandi Richard_Richard Rimbo Robert_Robert Roland_Roland Rusmadi Ryan_Ryan 
			Samuel_Samuel Sander_Alexander Sang Santoso Satrio Sedomon Setiawan Smith Solomon_Solomon Stefan_Stephen Sugeng Susilo Syazwan 
			Tatang Theodore_Theodore Thomas_Thomas Timothy_Timothy Tjokorda 
			Ungkok Untang
			Victor_Victor Vikal Vincent_Vincent
			Wayan William_William
			Xaverius_Xavier
			Yesus_Jesus Yoseph_Joseph
			Zakaria_Zachary
		}
		female_names = {
			Achintya Adiratna Alexia_Alexia Alya Andrea_Andrea Angela_Angela Angkasa Anindya Anna_Anna Ayu
			Budiwati Bulan Bunga 
			Chelsea_Chelsea Cinta Cut
			Desak Devi Diah Diana_Diana 
			Elok Endah 
			Fatima_Fatima
			Gemi Gresya Guritno
			Indah Ines_Agnes Inten 
			Jayachandra
			Kemuning Kinaryo
			Laura_Laura Legi Lestari Luh Luna
			Marshanda Maria_Mary Mega Melati Mentari Merpati Mlathi Murni Mustika
			Ndari Ningrat Ningrum Ningsih 
			Oza 
			Paola_Paula Parwati Permata Pertiwi Prisia Puspita Putri
			Rara Ratih Ratu Reisa Roro-Kidul
			Sarwendah Setiawati Siti Susanty Susil
			Taman Tika Toto 
			Utama 
			Vindy 
			Wangi Wening Wilda Wulan 
			Yuki
		}
		from_dynasty_prefix = "dari "
		
		allow_looting = yes
		seafarer = yes
			
		modifier = default_culture_modifier
	}
}